start_h_m0,stop_h_m0,qv_night_m0,dh_above,cost_dkk
22.10967813185433,2.321366729361488,158.79817856162393,406.8205602276691,5.492654147825699
20.29490789591282,2.8874349359126743,6.486581965058076,498.5666496532814,4.483774060338237
20.270716580894028,6.495283614168338,78.80540931917761,421.1614414952984,4.505994446427911
21.348648842186314,3.0597752118546047,180.91977345301086,378.8747367059385,6.14974567002804
21.68406840463976,3.2070634303203747,248.28027816631663,363.01679724971484,7.296533340201929
22.093318283834645,7.486672491277905,34.54276934085187,495.8873314939693,3.5610694739803783
20.240517106484024,7.660210013605267,234.15531631017694,308.1963024408219,8.67072541172934
20.82993642209561,2.3361758118536304,98.038857297243,421.3363953753169,5.132943447021187
22.41866484950878,7.260832167752888,263.9339853289937,343.68883028741556,8.359875115227311
22.80486858870264,7.999074263047595,13.855576782624537,534.5752842449376,2.8397899244305282
20.453765713532277,4.652194941605394,102.24202715330269,398.6217739437248,5.343619416469506
22.239888620881896,5.201182665132345,224.31884273304723,362.4714698411319,7.028785034923658
22.681610235483994,4.793145770442644,186.23873447575627,386.5684372164151,6.026405463578642
21.209990558015953,3.389377088486766,187.42517688706437,369.107008530799,6.41510301608017
21.275899204693992,5.622125800151708,156.10528985362328,375.4747739432818,5.840356340054809
22.22058570692751,3.5216751297258186,233.47215141193885,370.35659351687,6.879521152895885
21.116952513488076,5.035161485098344,86.61602478533172,419.8844164319188,4.919592799489644
22.156977913190747,7.941278453734987,82.44049026872015,442.38263795922956,3.501694831450384
22.082884503864122,6.735315625813867,193.46609274060464,366.27228535065206,6.238860767820118
20.421293776412142,2.815161218011234,188.96907688014525,358.54821792082925,6.698113449436058
21.92699479111463,5.615173422763141,266.8773862512501,346.1107967371116,8.436977974677003
20.11770500342775,6.724191690079996,110.55053356182233,386.1794788939948,5.026892619161452
22.542322378517763,3.3661762994116247,50.48167918466666,462.69777098988413,4.739027959679703
20.511689847832304,3.5587124919630826,191.31969726619437,357.17201293473795,6.753862025738458
20.066439790780194,2.400596363084808,113.11425825974395,399.68731206898684,5.499997541732105
20.461155848323934,3.2762384374534,79.47128254102374,422.9836286526396,5.074389670190199
20.880328903542978,5.655296610745362,3.060635344111605,521.6548505972373,3.8655332211805304
22.95678083941568,3.957115877692004,137.1149173116249,415.03554057951436,5.264335067050739
21.925931863780598,3.787459712835346,52.45496297533895,456.48855023244903,4.768756312415155
21.096614368309247,6.109032369325798,162.13471791072212,366.41839189468334,5.954566673020326
22.876543063691862,7.0598220777495335,248.549537805595,361.1909058084043,7.427251806527422
21.36085693632171,4.428190927465113,226.0898236998579,353.63237397620094,7.342668253804883
20.79691456216834,2.611474100484103,183.02813840642744,374.47854197396725,6.248017434331854
20.77711430700635,7.472548515855754,199.8810790738711,341.4597938241348,6.776474288766251
20.164202390115623,6.890184941735914,194.9997372559292,328.6775377010166,7.188312280497737
22.133849329432522,7.883303830987137,153.2864947783018,383.8556403811234,4.84582247122262
20.47071082711354,6.356584385620737,46.586940401744926,462.0509088191045,4.313827102000822
22.219392909905615,7.812164260255096,77.0636107163857,448.32269975563133,3.4214550822551324
22.71146968165118,5.438860314295446,142.62519972694452,401.63356835513275,5.341519250442916
21.368841611132147,7.12740744176135,184.24062661301033,356.89170161606273,6.170200513249199
21.69924770609326,4.534100920390671,261.3372000332922,348.0218369242219,8.202935945667539
20.682752577793487,4.243750314956829,68.71662247880398,432.38638418920243,4.927984919465966
21.049010416363,5.347132854866803,53.70208119871491,452.70374523579187,4.624378677262067
21.432237066283466,6.594976442188779,114.23021756803826,400.3462937710443,4.807862363745087
22.047256816580898,5.381918781172791,24.14045281730002,488.9000973084893,4.417709020588722
20.680931588386912,7.3162486447205515,249.88977807202542,315.33415602152576,8.99773222398897
20.63365179431825,6.181503620000465,47.38860225067369,461.21306091181043,4.388028596445832
20.652527879016937,5.7443730412701495,267.68563342585844,318.92777648858515,9.54075945643329
20.742579531796828,4.470398146021449,81.99047637071752,419.5907135415548,5.035696547444614
21.021437982792584,2.7293665312381696,95.3041647384323,423.72305629068956,5.104144772088315
20.960521124227416,4.322623035368961,51.53213274597037,451.4966822781544,4.82072283224459
22.44333789156938,4.135348545553187,112.40849517487925,417.91562425657776,5.13585339487185
20.356156298648482,5.332043464191849,210.67371145414253,333.4404913440408,7.648351975543734
20.15969405752425,6.061353554324264,240.32267680181283,312.4505739288538,8.95515916388986
21.976309358027315,7.459775524662943,169.95018983326432,372.8189969499904,5.5127449239815665
22.22488723314841,3.915021261541205,216.32177210254264,373.2392839990697,6.616408555439964
22.38404858332153,6.206282603629582,205.3914521837022,368.90199844721747,6.4763977803167405
21.093454828612305,6.396464209456594,193.06726823608682,350.49658435689713,6.6786076479365235
20.488506176547254,6.313730536283646,219.39252379379917,325.3126847146956,7.939802261684084
22.54702287330783,3.0806499364024704,19.777875834746624,485.4961240122618,4.633355813877364
21.905327622527366,7.526639320161813,93.81990824269566,427.22078944045046,3.8602732060042935
21.139052212844508,3.7173679254073337,54.09135145894471,451.33928789352603,4.8513926479960165
20.92887902681338,3.9494331999916312,224.70836680493576,349.4631902706726,7.4236298257587645
20.50921261845223,2.6483791210967973,91.19493794474846,420.9692317821955,5.134813453135537
22.318631726202767,7.00501332396725,31.81861323451139,497.00958344881246,3.676679667211977
22.597462195075526,6.016403703250875,262.47386824897393,357.28106606113033,7.925374143832784
22.576410696002856,6.6361380579626,105.63010069367489,421.49842969838363,4.481577717115076
20.582084520721818,6.418995552882786,228.9211476743112,327.6476059983845,8.095255999085664
21.958958191136876,2.802622063820007,38.844408001197635,469.8467974742794,4.76223360883408
21.77096702397916,3.2592690049722286,60.34329091846243,451.8434599765536,4.792942474489363
20.603917212693073,5.494513300344675,82.8360605740518,418.29241423834526,4.872217673687152
22.406587626421455,5.601707557222306,30.310474318942802,484.48029283366066,4.37836730090679
20.50060682674533,4.603257477178098,91.27955811122823,411.1192822195602,5.131022168491367
21.984807265418524,5.214194307849314,165.37808230775508,381.9280448774939,5.885999622042546
21.63901140736171,6.6202662604577185,109.00265951874185,407.71880566812115,4.671340129032181
20.654225574712065,2.4618508430516823,261.4800965285717,344.91507922029604,8.07889029037386
20.022098074664957,6.133364615577496,228.38210830879277,316.9888266616686,8.471421937470213
20.610742657042053,3.836202608527141,198.5590685106267,352.5898264341112,6.96574635737666
21.7852009303352,4.893173834506323,53.063806967580064,456.2177486982093,4.672718261853498
21.194645709652242,4.969892979296138,12.66053112087325,499.3765859891722,4.40462920745394
20.714511714155353,6.513219097470049,55.82718699966907,453.20595307488946,4.1783922876696975
20.973407691228203,7.2823639050758,64.83571048248048,449.34120813250007,3.750092057385451
20.781190678527985,2.075524570584358,249.10897030828008,357.60230429238175,7.400957457389312
20.65872235374088,4.18008841384652,184.4457775294269,356.71968678931955,6.698568585872207
20.47863830935377,2.892512962622292,129.26610116199066,389.550485173266,5.681713890410972
22.27176195715927,3.963100587419457,124.98157491843938,412.9100957128903,5.250673745386413
21.730800323429136,4.6724333980174615,63.140533224067966,444.9088530114052,4.760478299575115
20.357526007428632,7.872137991956455,33.441154578097795,499.54988680177365,3.332390700131244
20.255237088582536,4.735006809663588,229.42312557776876,330.63395679901083,8.152549861835695
20.548539159814425,6.373307059618008,166.85429003558914,355.54901971591096,6.181635333492834
22.45083381377251,3.846952151174385,34.81558687819066,472.6004261588134,4.712226932546004
21.285226568551668,2.979915712839203,225.34371977665535,365.6295245249032,6.88432120532017
20.047046026709143,2.3509728425778667,18.663748665596653,482.7299951772585,4.772187163466888
22.445446605119535,5.029739149627923,86.35099542940894,431.8474294682528,4.7764153873292665
22.078289765386685,4.104503674545007,242.57576718402947,364.0220426720829,7.2433223333801084
22.24575121272289,5.935704475280435,37.15912418261592,478.0311096269338,4.348001274323756
21.42642874115385,3.1633899685825777,190.3949661904771,375.2268574795127,6.305650665986821
22.198844114400604,4.076450948785892,133.62323945177343,403.310736334817,5.412185573533541
20.432469275145206,6.956584081136434,16.47551591624162,514.2173528886345,3.7030669296914045
21.740593922359178,6.897323134755371,114.8465295154812,403.3888143810051,4.661132910844602
21.251663010936266,5.197192686749521,208.56526163029415,355.05884941040847,7.008850762513733
21.47445733138943,3.2008545671352646,93.56504417128974,424.77542297289233,5.071627202705313
20.1278447315117,6.6641626203725775,41.778054904274775,469.25940412735304,4.215740927306448
21.95558069476714,3.1791327363558577,42.54743987047937,466.55336187299577,4.774231823634403
21.331302290178414,3.1317949291393092,246.14107403854692,357.42985860614965,7.435572731593476
22.510017513306764,7.1757232155216375,95.6648492967269,430.20333887609445,4.107025736868733
21.457109370576287,5.156306852439708,162.83258603472467,373.99148497568757,6.02207403531894
20.2895572687151,6.942029832769972,113.5254326067459,387.4766250917962,4.909737869853238
21.27845431853368,3.532084475956639,7.342814206454288,499.07118130786654,4.4395175760628725
22.401401833171803,5.290202494224395,15.852197984170735,498.5203401838625,4.293071392679922
22.77579532051307,2.808785572441246,218.512404505219,398.3357005768378,6.005564494959597
20.462417842795023,5.2572073829761905,176.68411747005365,348.673463327882,6.70346565649454
20.77371471275531,5.0616457062303715,241.62718683091765,336.2010711138092,8.21092223687712
22.727192180531897,2.041175552419773,48.61110233360455,467.15925317942197,4.729254348803819
21.119597347471746,3.658437907973202,196.61869149175,363.52319383163194,6.640576810153673
22.544614655483052,4.526323837623096,59.06158649446342,454.3474451091075,4.683217068460133
22.338229772313923,4.501429704814614,147.79363526099348,398.11398427866493,5.538996287644185
22.468486126087722,4.822610296331165,27.115443761210862,482.53470833875167,4.561936768588936
21.366602044541057,3.124864209346921,196.08374068469823,373.1390036678096,6.403846254406863
22.820602265850464,7.6010470807065476,261.73810977078887,355.0185191191717,7.9244914674471145
21.86020629129293,4.903281598468993,262.408382037207,352.21850341620944,8.094848152185099
22.702736872964266,3.9400528202897567,211.56697575878658,385.42555065868237,6.294439342726227
21.449677035751574,5.361972611520148,105.20991780525138,407.7414792385649,5.067765131393279
21.257304900357916,6.5494248071175765,96.31695556595425,415.25402153945294,4.517965682699171
20.856907423946684,6.6541133601187745,130.09744485487124,382.52189026711915,5.1838417649517
20.404556649882373,4.604383235219745,202.11176590995632,340.82614693378315,7.348832974264372
20.568850040531668,5.847621885747936,216.93069187238171,334.519772575056,7.668624648434198
21.236191580039485,5.787318191036544,30.920570217686375,483.54157949785207,4.371063507660671
21.30087092157956,7.682080210730454,268.456204736279,322.1438975838746,9.314351640224334
22.77214641601999,2.5332891285366976,154.7503559066185,419.36213563690865,5.284758564813023
21.216088778348027,7.0992684699299895,75.1711703400083,436.20662203565564,3.9795147456932414
21.128941710904684,2.0599261838846683,34.977334150302724,470.9299738561846,4.81017605393634
21.161523801466412,7.8062278458479355,24.446192017914388,517.6811795805439,3.1380898309524268
22.284673057618797,6.756188435651345,117.4720206882108,410.1365172890988,4.5892360030373665
20.366656117893704,7.639336469534023,148.23080064238385,360.23970605714,5.36895647983363
22.18736239992708,5.568296549372816,140.71403792349156,393.88430090014253,5.391536838955421
21.760680741404386,6.746005371617155,170.19026512125126,374.53876199902686,5.74329261449749
21.837049624953323,2.473457355638095,200.9078009822979,389.5278864547596,6.039454204140945
20.449913001490387,5.502555031651752,73.941384093705,424.7132157868799,4.736075410468929
21.515669696177923,2.2628107746367228,51.86412767867466,459.5719415033552,4.803369602442855
22.428031192882017,3.901783023737032,186.02853394478524,387.95780668665384,6.000916159993303
22.930845026248956,2.5783644489341135,218.21359991106794,401.0631973207022,5.926057389122041
21.586284341538118,7.322903546942461,55.06454737615862,466.8675706238194,3.6585405358009075
20.081597108439077,7.442433227418967,201.48153073224182,323.83790665907725,7.320231650573165
21.962905637648063,4.148972118688068,74.50915914912228,438.1188482769702,4.829202838194973
22.762394653667844,4.057250457924166,223.4237766326479,385.9873183886207,6.438374051341402
20.390764435615015,5.236219928932542,251.1401946030643,320.4787301722167,9.015318304606708
22.312534361022678,7.677592273448389,46.3878787974654,484.4843048625774,3.4220571108132454
21.088187723746046,6.765740571816312,70.74534470807735,439.96254866187877,4.075581945111978
22.25116536918207,2.8576729981100524,180.19359657811955,398.6869547801306,5.737389665957714
22.21687294834526,2.294695125731799,25.45841386302283,479.71708027571833,4.708352039678886
20.31448061646073,4.351449673965055,21.010446028202313,484.04047748210326,4.698062120852947
22.652059918461337,5.927248636145249,134.78829814394783,404.1992269079236,5.134820848221442
22.389090774973678,2.662565521100248,231.6208148312404,386.0456865798274,6.37343408916208
21.965161926639325,6.168191944204912,212.33393535173195,359.57594245068685,6.831648523138967
20.990900672166234,6.562104601068529,246.79603950938218,326.3569308530325,8.587552793718245
21.04055468303024,2.950949883569318,7.990910714499994,496.8569428534304,4.504172482681167
21.83157749381155,7.1472846948428135,93.38379445533435,424.94313867389394,4.148810874545648
20.026165773362656,3.402171772377435,144.60446613230604,371.8926289093146,6.063678655980752
22.65016703735889,2.8601922252954903,171.8788110579219,406.38228428560546,5.559690282942269
20.451773650671715,3.438694228839818,141.32115731292959,378.4578504716078,5.91159008519365
22.46504887726605,6.025783640994336,177.27703198807762,379.6120718486275,5.863513757241845
21.73257760197473,2.6286464427907745,20.63543635805703,484.032128196431,4.6814220293997595
20.847302684298704,4.137787986913338,117.81505390980567,396.86984661737506,5.441411480577779
22.032042700830438,5.526102715089055,111.02739330006378,411.5760296517187,4.97620602879522
21.5343525668492,7.967411490828921,76.24097663014591,445.68993771125935,3.44285377541029
21.43591802799665,3.4849235645323593,160.99108946410982,385.1397241995271,5.882027499634397
22.03434079133983,4.316473656816229,134.32401911020057,401.626982480236,5.429150531843484
22.281439174655777,4.971200777535417,153.81509831322904,394.36839866252114,5.611599504963808
20.702487852912967,7.163035150120896,165.2087186844295,354.51246359612213,5.930479193616158
22.603783822558782,6.962948040733763,250.27499666243517,356.2763878475355,7.629348564054981
22.8881581656916,2.4839952197569906,130.90329149979826,430.43197208118653,5.075789702770135
21.220058319890594,2.4455438445996496,268.1060356322388,352.513306742553,7.854167156520286
20.79851847972644,7.082860711858553,260.9894893752383,319.1599345330759,9.260278557415706
22.891539161302816,2.4883949575523294,100.40768840991649,442.6639844065638,4.889600491251192
22.149905241916766,6.470249424914593,223.56122459240243,356.10351295899125,7.066463984514675
21.170683685325937,6.2281342309404755,33.02433043672516,482.79919788204154,4.279355334800765
22.286883780903548,4.445672949829018,199.35696006866172,380.21760910433056,6.305499807876254
21.625967817065074,2.7127456540483865,218.01822615819884,375.9599935484189,6.5148163930133824
20.626508746087225,6.775004558792741,214.4241978415514,331.108689932532,7.540494561940085
22.97003260099195,5.710664183431829,19.213451172661937,497.2473964036908,4.237931752929919
21.632029035007022,6.445150424668587,20.128973684421325,503.86553549340647,3.9701489236826437
20.142822281852474,5.581519704298123,70.53606085334542,425.78304839511804,4.749171109871405
21.342698662918032,5.549184038394857,260.5093182970704,335.51505095531707,8.641929496742065
22.801457220043307,6.320557378267063,132.28794474597694,408.512600527783,4.899549252589338
20.05630144314517,6.762247644018113,130.54764666355157,369.060000071401,5.356413087222696
22.101240664480954,2.9750402601448958,13.747288859669641,489.8102963808949,4.592825537707074
22.210268997637833,3.5009384696914245,60.847851050870815,451.2915031943726,4.787819180162884
22.641052552849597,7.491978780467892,232.53401618485933,359.308166750855,7.033701621673047
21.322825674554835,3.1438003496904043,215.58432759247933,366.4426802131934,6.768390061676336
20.559984630550108,4.8329331267602775,264.46970542268144,324.6324525348995,9.206713097578449
20.84969411723162,3.008887906898713,29.563706299616054,475.42014337636914,4.790789401324948
22.490271343268386,5.434477256356778,164.74042593931492,387.594662338287,5.7398754202932665
21.651978227613224,5.831007098248811,163.74651901892875,375.33986354940134,5.85786674366952
22.672685060852313,5.98760868495979,167.69231882841106,389.01703943073676,5.645554963968234
22.359107503278906,2.454934960505378,41.48850897838541,469.5898488009237,4.747035696679423
21.52942519097101,5.491851061209209,230.32958567620392,351.8767791873847,7.453258104292932
21.94265537801523,2.0701547895654753,66.79841115827941,452.411466212096,4.794421779299488
21.81797805663112,3.114331867360395,151.01018096426128,400.63035562639294,5.555787068482148
22.455098690680792,7.046109164314744,47.082503418392335,477.7673126064217,3.7480875020383855
21.900567482379117,5.739431404620896,243.8361014745697,352.2483807000494,7.698790237347441
20.585837912159846,7.586220732658704,253.8588586039007,312.9636115968982,9.183660132363862
20.048399595685215,5.467315375572898,129.40224835419167,372.1608351972112,5.769434804704922
22.83967973390142,4.372681377185533,214.20339234943978,386.48139904729544,6.338673639338213
20.222090554649885,2.3840925315114103,236.98217837371826,338.86921120466525,7.875159716996926
20.627798739507686,5.799500098772389,227.24644692744548,330.687326970963,8.013135671048666
21.442628390675406,7.357754318238285,28.41011735556712,503.6324596915494,3.5421950544624856
22.67453090077455,6.65608675898303,258.2644571668277,355.4305315391814,7.87823901798782
22.16606624906278,3.1675305439868353,258.4457058193488,368.494305219053,7.220756559729918
22.660745542183065,7.498667229739173,256.01344385751383,351.937914277554,7.87138566839331
22.89522589499834,7.041064501456296,194.1200179036557,378.9565191009193,5.857700151610735
22.55788189297608,4.213707809166117,100.95049378139906,427.34914720824906,4.990279451498186
22.943974083113996,7.13772045082213,87.00109541565706,440.28479510150385,3.9594148000540046
21.005403630355833,2.163563411189141,267.3537646701312,355.46749051958477,7.710049743001083
21.37385310887053,7.752592789097353,212.86208760118868,342.0326500640972,6.87773562055442
22.949425624086125,6.931972999250362,15.521050077628585,515.7625357756992,3.578746085174619
20.231968137801907,2.5038223562652284,24.731633999460584,476.714678633429,4.849532465992945
21.20331309535585,5.571970323146864,36.65583224189264,474.27928164183527,4.498975240742065
22.484441656611104,2.3099118114595427,167.4395969387911,408.34481152124096,5.504183199245242
20.071103169046644,7.426458078494702,120.0428261817081,378.37320880210933,4.885994051176038
21.151175524847734,4.166680654626969,251.04934970587632,342.20615765684727,8.128346915307251
21.424745565226292,4.475948438368726,77.29623743013677,430.7594675064636,4.895883984435679
22.385577705182072,6.170007539779599,49.32998224460699,467.45764580837,4.256176527911834
21.507776174146606,6.043179072331822,97.85478457900179,416.26323231310585,4.699398843379061
21.929007259888213,5.8597947139392765,149.14929253308838,386.88382840926664,5.5058013533788355
21.177822892721235,6.800508207438288,138.3758325190448,379.02170779175333,5.227366161845859
21.26859689926006,2.327807729220805,214.9018649994111,373.79201856840194,6.53050228837222
21.898394062886933,4.0878939873140006,131.63761442254497,402.326094177727,5.412324725612047
20.727096379205143,7.433940245225727,123.54649692169357,383.5032396022889,4.8071093724179335
21.446122372181467,6.279488221270551,117.30396870802485,398.0465587697589,4.953315526133475
22.363146377374665,7.574618019207362,119.27652377844223,410.3042278097379,4.239199866965759
20.26902397180845,3.086545611113462,35.22702364507303,466.8014734205643,4.897780625573358
21.947773046151745,7.390455531235017,255.78357141356742,339.29035690493674,8.30305022631152
20.737101850125455,2.14855176763024,116.28292706626445,407.8828522046414,5.368193898012894
20.260533675307748,4.4067541138082555,1.2735233280224694,511.00844947211726,4.174679810382385
21.690315531816758,4.281248153449152,146.93836749046858,389.32224449120093,5.695780129178997
22.29668484122425,3.5511424561484795,47.521430527787544,462.86339285469285,4.749237476057305
20.147976207569062,3.147112169341293,136.6463104283108,378.65343641753304,5.909744133712664
22.865637230491313,7.110888923930279,45.20821390189086,482.4469666773989,3.703485449295186
20.644694317528057,4.876082467240616,91.8120556543893,410.3372513000395,5.103799379384822
22.5034618038071,3.5394021650427936,220.5803224571171,385.07432155448777,6.3770431966680965
21.851120676433013,3.511381983895219,38.058908644807694,469.2587059408271,4.748343156073152
22.279261800165486,3.0676068173964897,146.75711818254885,408.90409980581825,5.413933436544551
21.327451736596228,6.480124580305829,22.66624066970478,500.0229762557316,4.027635610567836
21.079665198895253,3.7136929737320608,166.03365731827685,376.3361153548642,6.083089458947999
20.09390543082317,7.002757876750851,231.03844067642842,311.2956894959842,8.577229035718865
22.488817622668464,2.6155003422015852,160.64955160892782,408.11753493506455,5.479790751386608
21.916663788887004,3.6268234126175547,155.7896670731218,394.4846615138541,5.668993619831152
20.96447549793256,4.433062987960957,15.300064576527129,492.936687804651,4.5441006729296465
20.92270601893956,6.933316513174841,254.11287499932197,322.6548525652026,8.917429460311311
22.495218954369754,4.962065057354193,57.71452962968236,454.2216906691277,4.65966152429436
20.352560409798347,4.041900449854047,220.2583717236249,336.972988879369,7.7601834227974855
20.389007792773835,2.414417692294465,160.90688629174133,376.066301020174,6.092493380142561
22.58761769118428,4.911730651750419,152.23937741687948,399.2847140933758,5.522560884036297
20.695857877939982,5.455170767770169,202.25191773774674,342.66508950651985,7.230890483655687
22.327972220654537,6.972870068151131,140.66155345151657,395.4443530439772,4.975871786889449
21.421668111597313,4.43827910428023,37.73475749464045,467.7079822855639,4.758441081072757
21.183292363848707,4.546458827703403,216.04065246006576,349.8404710645402,7.287082917145882
22.780985775821264,6.068879783243945,209.6228378466647,377.8819655541612,6.349059500179315
21.934511769541686,3.225362375671188,200.10901728371655,382.4801222355976,6.221386696944151
20.239237209548737,6.698487237914584,253.40729649381936,305.1454723702994,9.600105501912022
21.663189726637,5.8340921027982935,52.28238525876742,459.4940048681624,4.411737561435276
20.72956052196254,6.432089605293029,165.56421234899477,356.25013952697316,6.149275585761089
21.747197798243413,6.954701865828648,250.44821295467688,337.51175696353266,8.250338722713765
21.01604709309691,2.0835313496415178,11.061944612073082,490.9806916080565,4.5865895507816665
21.168960564033778,3.271885795113095,164.11531830545292,379.14788494110365,6.018625071038419
21.152824450037446,7.1917514525858985,4.930583295656507,538.6049190774934,3.1204289210753164
20.40704854048661,4.022659883257294,219.8896657520323,337.10306276234127,7.749622877039656
20.74062192097476,7.651137688031267,49.492864234728984,471.4808404125038,3.5663527232167422
22.039481168190676,4.690956243790508,42.122220891499246,466.13426038445766,4.696597285299622
21.7579879771858,4.951900521188615,89.91186716287876,425.3286745444251,4.899084160643205
22.059246083497598,2.5752385401468887,120.4477284060664,421.08962634240197,5.171356421153451
20.05135885909962,2.212782797521332,156.43211615193758,375.7491063090183,6.089641276956619
22.534180438425498,4.567696881821768,210.97946674559947,380.3519782473112,6.440124236365478
22.624115734420393,4.000018273720038,243.3142138022525,375.52874062097715,6.956718850443568
20.13494551836826,2.2244257173518855,208.10755425428454,351.88612827585143,7.073465056179176
20.018378334506288,6.066478012960629,108.37509206402645,388.0682878401828,5.171720725649287
21.29133937747973,5.171623000999644,104.03704239382805,408.9404963587307,5.103427081529026
20.930822691095855,2.5965983732280837,104.28522599596012,415.4877627767973,5.210286479682881
21.55104974877202,6.887484365672595,2.8310625759909067,537.0274143008601,3.2088390517522307
21.05596259036618,2.7332238286621378,148.08953788189757,393.2151238250321,5.6851224012736274
22.158776115708918,2.6954355682214635,133.94979276614765,414.77528502551775,5.289158194920811
21.88581497827988,2.5359045104107447,89.86966897778059,435.741234868884,4.942252980965725
21.500115351111376,6.486929349429069,66.36612366191714,446.470605817968,4.236830391961484
22.067423051418327,6.806524503535148,103.62272019996871,417.1759277475382,4.4194127799568825
22.746590597335477,7.299599030572623,111.27284125187109,418.7959836723809,4.206415551681035
22.24286284191489,2.2908978830789035,2.4997365691596714,496.3860573433766,4.437354834459768
22.60780659207004,6.009302239219843,68.4261178689668,450.34096741008045,4.284796572852073
22.264686154709587,7.796576160254732,263.0162954143833,341.78155424062624,8.328734973366288
21.827605707692545,3.3374008251370357,94.44481271088802,428.2126293534385,5.002874509831136
21.587769198904677,3.8658611594325083,196.29560934889903,372.266678114073,6.440527413213941
21.46586856595893,3.789684124797855,34.05035580610823,471.13199485048864,4.769088874360611
20.28681611033555,3.6060852050684016,174.25563989519748,359.1977204015841,6.5375129133232
22.137257031878757,6.329545160134251,102.43752081591572,417.4919380560531,4.614299684321251
22.5981938558913,6.03519415846024,12.90687961119733,509.88733414123624,3.9313294601680133
22.335868382051352,3.7496353581044413,143.06460065288292,406.33631020875475,5.421696074209098
22.270511385498338,2.841892627559638,247.4983410063636,379.6247608896985,6.732959523019663
20.42913530482443,6.3485384195278485,137.6732903836217,368.6574958333727,5.6024832825659985
20.414739486311,4.250713783688493,252.37490939364469,324.91497473050947,8.865043652751579
22.606393735695065,6.8228854031907735,17.13905667863104,513.6262196649818,3.6198875135073982
20.98559475007626,4.518443360960873,210.58780325841283,349.27721351742025,7.232376923726853
20.59555552597902,4.106244005914187,221.2238198157968,342.7234391572586,7.596548787727524
21.051513480330115,4.759335847555822,265.07184220155165,333.024371373925,8.826138536442782
21.112115678151277,3.0454111786843567,159.33328808473854,383.5053870599638,5.913986767204015
21.6082950744393,7.112092588350495,238.9547609955618,340.02229575565707,7.817565862603612
21.452141002601696,4.615569067156983,166.2827957452995,374.6573246755156,6.098452503098021
21.703086600420573,7.960682610475613,125.79381597004952,397.1194563030656,4.339749450759106
22.721462609126593,7.216299462925536,265.8035616113784,350.4102421733994,8.22348810284276
21.8505040660299,6.126480467153598,203.5367157532548,362.7026109513391,6.604152717766106
20.936444200526616,2.9264946328396326,257.3815150545697,348.2082638878835,7.933515296938108
21.67011190141127,5.1477724841774695,98.44068915960483,416.02785712153434,4.988646966659842
21.60271995508477,5.391365882073952,39.36416034757121,471.22190554248857,4.541550796264204
22.094175383429786,3.985276067975338,212.51804703774562,374.36844336270246,6.54521563845942
20.41069881306305,5.772412761133093,14.621450795261651,505.4648840500894,4.1649733451461906
22.999461523782962,7.65551859241214,125.42853798901508,413.0448794557893,4.250360305435373
21.67926422308093,6.267738528791984,4.630139644661404,526.8356273949224,3.5729602047307853
22.817376274580432,3.0059640671255807,193.71667039354233,402.2624199235469,5.767312851460012
22.735254780788402,7.8665312209907,266.17646140303,346.73297987336457,8.28835042919887
21.428179942967578,7.568672067028366,124.53011314740152,393.61341827411695,4.52153326426532
21.000447015436137,4.619056352506929,182.10696867013073,363.00741644953246,6.502940227052456
20.274390295959268,2.405392621491814,20.48442619511914,481.6577556361551,4.769416443834107
21.562623008441395,3.8482865017049255,19.579851694911685,486.3461569683591,4.627293742242637
22.460140383425284,2.2810185387337394,203.9703075309492,396.565938534192,5.909829263488723
22.147376848239944,3.6424808923632406,105.56188526373448,421.4738720156324,5.096553498848161
21.115643140067778,7.400498909554225,221.8531860922998,334.244621635911,7.48067017306157
22.869175612364256,2.3932099152080646,120.85187816378378,434.2814041923719,5.010836788033835
22.30240434172596,7.824876566332308,151.20307694739972,389.34056252656893,4.731675258199054
22.84454507639389,3.5675503122036107,248.0034349898062,384.5723572073864,6.713564681764135
22.85554136863362,4.382476004850359,74.69782549180694,445.1342430766938,4.742207892480147
21.00484967993091,2.195945577939136,67.8254966017661,445.65241037425744,4.877051907572428
20.670131873765037,6.8494949684915305,241.70571844635717,320.5678661964027,8.614277147459665
22.00936413616676,3.794457300103441,97.35174280721151,424.87965688339716,5.025953201603942
20.064082959052207,2.5099861473644793,26.191790505428983,475.13191818827045,4.864919115331425
21.085157310842106,5.73162762136076,184.82626924878514,357.1415071011936,6.549420262407951
22.501612909828452,4.597086039739055,175.32928364048186,391.62804112607546,5.848804187340863
22.12282121782529,7.91046888529907,220.77382774645582,351.0707938278241,6.798199357241778
21.71382145961485,7.15123340341907,96.4818131486951,419.25772380780523,4.236802645568107
20.667200913929854,7.0191632961634465,185.2334835044514,343.6696883234378,6.514747061516656
22.899971859071734,3.6249365869925043,222.29691460356244,390.27753330526696,6.277889981990709
21.443461977316076,7.387758477560361,2.308599174125876,546.9893068236856,2.8304281697072287
21.590322536930938,2.199502288286463,0.27221191654564036,498.9985003782435,4.37799560116596
20.541405758565208,7.984040025687193,72.81833032409276,440.937181343435,3.5104553127289932
21.938157393201003,2.159801987068661,25.99060210757461,479.5860167106739,4.7045401591195235
22.185790579387643,3.772629086419622,56.23565871554418,454.0152249670416,4.774122984461196
21.558473197544746,7.514557482038543,213.99678873325948,347.5272220977297,6.844491977682113
21.51305878460557,6.2339458254002,114.09979769957762,403.9092993055419,4.934919546517633
21.303679849675298,2.749245157890126,138.2152346066541,402.3447397738417,5.4932391788399
22.97999753023056,2.8660668935699416,32.491014377163275,476.8430476082558,4.689534394303394
20.94794070066397,5.09404071894397,174.09659134124,361.52950512248213,6.395085735719904
21.323665545732368,6.878836217591623,175.16339629814894,362.0682836425923,5.9944402163206645
21.398996452523456,2.7732238231792503,157.33570881808754,391.0673813430486,5.759747972889634
22.6995840365113,5.352298875400404,107.8178211322157,420.3082357893132,4.913985293364272
21.458269019269444,4.542784865552455,1.4736386605633058,511.25083211957696,4.151303578077554
21.52189582669627,7.178282465189087,119.44528366962048,400.10369707899736,4.626188348277892
20.005234679206918,3.2862471310585164,263.43346738634693,322.541443774672,9.119254153351791
21.080071614827926,3.395601943189018,226.61493451539454,355.0801800779441,7.228132132411084
20.82193031725296,3.611599631323191,147.45372094440293,382.7081323535043,5.833479917627996
20.3431693176667,7.925336342681623,251.65729687515235,306.54864726699236,9.297057267752336
20.720438046871557,6.912066705957063,227.46297193144883,325.87437145029804,8.03140298805358
21.645530527231724,3.172206784999311,206.45978995792112,374.9848290044961,6.45770541716184
21.385267384997704,2.9065239689884668,207.6505538851354,371.2908103078589,6.544057952484671
20.660470031342715,6.332130773415413,172.8688522880395,352.3483901208715,6.336041768568554
20.699705998314315,2.787424459448224,135.95023593964558,390.09726832812976,5.686807253282128
21.060630643416456,4.8005586423431055,168.035898817523,368.08553687091387,6.2237961092718255
21.874132039591693,5.520453149541787,95.96179042899408,420.4778005196154,4.799653078977222
20.079770052835325,5.610686860347232,38.92966487547673,466.04643694052254,4.627926882062207
21.596418290242116,3.3309938028819337,213.567973101144,370.48863079887684,6.649371108150157
21.753991610094413,6.609214934985915,99.67342305611673,418.27116720172614,4.484321739492765
21.808585012789653,6.543353984592902,154.13875987482643,382.4335655018425,5.407487604185736
20.11582981222953,4.724008342909928,86.88800047772766,408.508058541185,5.178924602199002
21.145538109252268,5.309463198004719,40.60268949798814,467.8405448517511,4.592646721905363
22.97320129765276,2.300115073126802,5.651197028120323,492.6174418556381,4.493208081403966
22.249586007447956,6.141255572156624,64.45692931888688,450.23953822240514,4.311573180815142
20.44134545282148,2.9020192804566256,128.4898019033572,390.03032300290255,5.6708137501251485
22.706502412145227,4.944941861719951,47.945656243436495,464.05350675114266,4.624964444379678
20.997343445214323,7.210995403105518,23.574736012783905,507.281980299467,3.647398708358952
21.297041939795392,5.162047747966831,245.16015608450945,343.07564454614567,8.028392169921498
22.644450621792092,5.767428805478235,246.58348230927842,362.96625868858246,7.399664160442561
21.80907000776535,2.9460900416742257,145.40547360082388,405.25025176304325,5.457702994517887
22.434725669225553,2.2576914850726584,161.27848860356968,410.54849359887584,5.444551374281295
21.582939986914795,7.755275216752211,110.20532757967386,410.32675946798724,4.030290931577248
20.804536307640205,2.6035000040117606,137.34318266579496,395.902796588157,5.5864380145635355
22.511753537660997,7.185191663396944,183.73736048947433,378.20231324520785,5.705056013081498
20.57032090694139,6.451136547823529,171.48265142949208,353.0765200489131,6.299931281364436
22.375711714301083,7.033078846867673,0.9358631964160308,541.2417145013409,2.988107187449169
22.114797444559436,3.3076831573915992,259.46985993907526,365.98089228839353,7.3454356878162725
21.123691050020916,6.669352256712247,215.45059364542442,339.9788311294287,7.331579700839595
21.867043227180602,2.0250612360955027,198.94463977088395,393.0880144755979,5.945006805419253
22.174559408795535,7.742835194158277,176.08775635531347,371.3351622214012,5.522564542867478
21.801383174701208,5.055084800724236,80.97495585909539,432.1224968570753,4.753568557695305
22.857816555446185,2.0195732146633616,33.95048797098253,476.2245348635551,4.688221566440038
21.377743013256698,7.642974928373655,105.90742818325397,409.70522733810037,4.156917479736412
21.270605961086428,5.759792573958669,145.20081891155075,380.66714645760084,5.588513037252107
22.306374861975694,3.8074910551365715,236.21789420603082,373.41853909131174,6.873882244522539
20.50674205294967,7.272942251809867,150.07265644190747,363.58770143713105,5.4354698407640605
20.71753067713158,5.5136089602591545,55.892595116512666,447.88124084240155,4.599360875243999
21.40658836622663,7.480078761045838,192.38884303305568,352.3964836202047,6.341944427111287
20.64682124546991,3.5427494948056757,232.20658917562633,342.73299480512594,7.750052964930561
22.505381423123676,7.542846195925789,268.3203845612736,347.18933715043954,8.37567243885992
21.654031778362715,6.000265498510171,179.08162421468924,367.4812519388842,6.138732854849193
22.68330073804757,7.378694547389057,72.13629233029353,453.5518178309323,3.6672830012781232
22.043868401684772,3.6858405334100164,6.466646032970576,497.8807653142237,4.431416144104396
20.31619532464263,3.8270828475462664,267.2297501430574,324.30247333484346,9.206463893893282
20.331744031738054,5.049452538087603,66.46681489914236,431.98980238744315,4.817160569574983
22.626316330796328,6.905687783114858,30.166911874396323,496.7938730621869,3.792625228626586
21.870434244587692,6.996111502288613,208.82769431299724,357.53833119698714,6.675794700381407
20.80797004285247,5.071603524734484,179.54971178444384,359.0494615754974,6.514868285485514
20.49436316858348,7.328632931013687,3.875501493928289,545.3910236043614,2.89884590546675
20.27848411894419,6.674658416229058,197.24311189612243,334.00527369071966,7.151139947163498
22.365571724729964,7.3043867483369445,81.2539385931105,442.0033558502092,3.7954309142571736
21.982354465176115,3.2924853720490717,268.86721864241287,362.44342464660184,7.681973398693405
20.837961418972373,4.380715446263979,86.10322761793832,419.1865106652548,5.034741763387693
21.199379044521077,5.3994635957943675,141.16244265922327,380.2996571632367,5.6827595182870345
22.08159592392523,3.9268383086826866,180.00349275502873,385.15651590206085,6.001224033975716
21.141917723940445,5.533668377542993,204.56351020165445,348.7936435572298,7.050202100393087
20.191205578468036,6.23833708959595,204.33454461962847,327.1239403765529,7.598437005201433
20.21933490364081,4.586422000274483,69.63304561456226,425.59440334732193,4.9758848544939625
22.915677791131134,5.413308041371334,159.6727163007962,398.47049843657237,5.514009977676674
20.686634093107372,6.374885706092418,48.12634669096676,461.85185375739917,4.278568149494431
22.571540573425285,6.868843636838684,247.05089715288983,357.2243525978184,7.5206699357140945
21.99786747469117,3.1555924102148833,144.36253709938683,403.5485851060713,5.480481327801174
21.578154063503863,6.244538834249015,256.28232843932994,339.8865089436998,8.374046426805618
20.203488976419024,7.0341281951365975,149.4453673223434,354.76843892503814,5.726701631085673
22.94151898377119,7.592174691628726,155.41720226247136,395.16105822727917,4.814040372808261
20.169807424926336,3.31649148378317,101.75542579515209,401.1636472235864,5.407934226977936
21.910036743120763,3.1928407500653293,157.1121134606411,398.0489315580983,5.627712959464487
21.491401566181008,4.216464013003235,236.69315834628745,352.19727182749,7.544564572565773
20.9767739918679,4.571410885977876,141.84904972082091,380.0135821967147,5.803389687973358
22.823219691825532,3.248403322282058,111.94429716552672,431.7681392318677,5.011984805815603
20.788012212621208,4.091293720998888,120.2666577577843,395.2862890053657,5.474958032388981
20.20861454626565,2.1100474795411,183.45031226368747,362.4440931956812,6.563874872819095
20.18203785335992,3.599925615165424,190.24777994735888,346.4374354569925,7.028059608750349
22.480716080695252,6.277003624205516,133.18475927342075,400.4460839783818,5.0214327334294335
20.307832709865433,5.460712766164639,232.85807844914478,325.11358954829916,8.38251224499817
21.30873338137258,4.206455465825927,254.92676673188058,347.17349513987256,8.045050735027795
20.279217485421125,7.312415632825557,102.95938413207229,398.658502553578,4.446433858350233
20.761842272029032,7.196326880653868,84.13402912174847,424.20969998240736,4.123860131988333
20.768228298798363,7.0905261348514985,201.4187529243123,341.5194467155493,6.8812255859819444
22.783884374002028,6.339917487165981,8.488079636265379,518.3021802020997,3.6990597970297805
20.61792040268838,4.905539240232666,162.57992075899134,363.0471840594737,6.284624201429718
22.275510747552683,2.4652054553578564,118.25852226061464,427.9775349277023,5.085992848961208
20.10564005086252,7.344015703599524,133.68273382265872,366.62436398517355,5.213147862526716
21.489880818237324,7.396609532536216,130.33700771718617,388.5735614381497,4.778309703285359
21.826518235062245,4.413350552579712,243.6759205707115,360.3003243667614,7.4427892029818965
20.523390536228742,4.14220750427911,202.5098334237,349.4435646545643,7.113781882479733
20.969433073634892,5.37687434424341,240.67954637253857,335.0074413774563,8.22030233028228
22.796365557726034,4.265753216381307,222.7227013351974,384.32212607148733,6.488450810785413
22.715567111293282,4.229109418691827,79.22761397630303,440.54074979574114,4.8103484174318005
20.345053567111048,6.100356731417035,12.305255565870153,512.0385604060507,3.981077130957994
21.822890046896458,2.5554942842440758,152.78803224754174,404.31573642957073,5.503590021602078
22.256615748324748,2.7389736988508777,155.17321277366517,410.18827772672637,5.426056040205211
21.79008861014477,6.146753994461991,235.16352800400745,352.0870449686237,7.483184821882976
21.573438627668697,2.897217945711911,53.81366577221382,457.0453950833453,4.809916720003213
20.54550982489955,4.245990015555229,159.19828181787378,368.44480214589305,6.192364989559693
22.91114385566549,3.1997594299407632,142.1653336567602,419.11809606945155,5.247914539850829
20.67643324731805,2.49671404158287,224.06230161337163,355.8349965163069,7.1419585295811405
20.902434577090965,5.14193515353162,99.60386125968766,407.0958888269834,5.105647149288266
22.10615804061281,5.015570035631025,209.84157820732318,367.15005733976284,6.6966362642547494
20.762076748630673,6.295515588319983,48.96404924365755,462.7039782139647,4.241016509781923
22.226385772739775,4.2701945933962,95.46416294723349,423.8866454498976,5.003171392574121
21.009706770927085,5.593784606683956,218.8256577971519,343.32628055980956,7.45267102591285
20.84301937100964,5.108247754844168,71.53909220821262,432.05643511283984,4.763059543247839
21.28788260898911,4.074189410799818,39.44619292858034,465.6863013837205,4.782387701073718
21.727864655762872,7.784384755387934,233.8638815491773,339.00956310800456,7.5368016449342665
20.81864748685324,3.019641053976096,116.68462893063173,404.07546972928344,5.38356952209422
20.329532726987075,2.3567906110821446,154.46274888837274,379.3485836059694,5.991171602881984
20.59229765565935,3.425616600191163,145.67984566518942,380.7103135031288,5.88273496349338
20.263810648487887,5.67818748607183,200.52612337002813,336.5347904809887,7.341107918367522
21.25043190952498,7.410283716188958,171.18961923737933,362.94361238760695,5.737820262042611
21.073717141839538,3.5727961817569933,206.6288821485116,359.85604172485534,6.847726735560457
22.754509942462523,3.968144614757793,189.04261824301045,397.0021399489575,5.854958922481579
21.692169852946165,7.717238388459254,203.09513708740494,352.13014608729395,6.477545240493395
22.233362972917757,6.364739026429521,231.95729117439345,353.27415782133596,7.315030977950122
20.68708458854406,3.4657709700617407,33.61960663484262,469.5006678474135,4.843903156973589
20.673630788426294,6.3896819512566605,121.94236826201536,384.5696078885923,5.194856318091281
20.217825479474946,4.555461480588493,188.1690922569797,341.34278268747033,7.134421115217661
22.265660390468383,5.231323562642478,162.28871518809294,389.651113402486,5.721670195950157
21.630163336974217,5.101788944106893,85.81746869784429,425.7073439043671,4.840074106558901
20.50338254062096,4.622145583853662,108.21094985893906,397.7417248219547,5.364763331248202
21.672452732971138,4.658382938410159,208.17615796292313,363.3915821673152,6.8174645612768305
20.59029091869385,4.7237052941375,146.02852750521478,372.99891909239284,5.973910470117664
20.37181001456389,5.916829254553446,56.54648617702999,445.8998235195294,4.555519768480215
22.004262653611114,3.298776686697834,181.27098281969126,388.7033313311679,5.9351210913636425
21.06739439824517,5.301196498275957,180.4631969947035,360.13543516646183,6.465264861461739
22.763407589512422,4.400306941357965,189.98606679054572,393.1934173729566,5.953929548361238
21.667728262824394,7.350644426252499,172.14178277726754,367.09524441881837,5.664877393422925
21.776162919044527,2.8257301410657596,160.17189123231034,399.0106251890138,5.623085420613863
22.53937856992349,5.892903147377414,154.35340178788258,394.7312702339619,5.425797609903466
22.49704042434493,2.637962879631891,116.52261486836156,426.5748181079793,5.09416058258174
21.481314063192013,7.509668559322924,80.68440427876457,435.8328148006551,3.716436873709707
22.307189990924403,2.646872578525781,39.93102566203522,470.2723488689211,4.7466905663437995
22.332507056892904,3.886882702411342,190.7527879130099,386.39575461690686,6.0719001951145914
20.001689997531983,3.7400311106430224,58.45870423457894,439.2261234563513,4.98582566673054
21.95156616025778,7.841469403623712,23.471957046230603,520.2586551149375,3.068706608305586
22.692221130106553,5.274632193366661,100.53784557533815,424.8200047594115,4.834697054205883
21.028847499614155,4.856111677392482,4.463368628666578,510.32806511935615,4.183828153302532
20.456309733885227,2.2671466329606025,246.49371067898497,342.3473709816651,7.911329901532358
21.55453335936172,4.306110897621997,29.21892559715503,477.29085783294676,4.688970275427517
22.119715490409472,2.96217237953452,73.47881816897493,446.0297505008757,4.832664594823124
21.768106803671383,7.451913958190984,25.201117009521123,509.39888421967385,3.4616028773112917
21.518984437434156,2.1682364782249604,221.56985367318376,380.4217653056585,6.41294416679264
21.40872475469746,2.7151272622328775,66.01344417501946,446.8315858408712,4.857087956587476
22.730790280720655,5.9632417432132785,40.171816311710565,476.6127433537333,4.32132917630423
21.833764388471657,7.903213068984892,49.89638241084654,481.3316421028582,3.2686933409180385
20.007119525051646,2.673516381198848,56.998434270545694,443.96560178157114,4.989118281435851
22.141182240507753,4.123335654448397,83.71186740192888,432.6737747725098,4.901767616820546
20.101536730735933,7.374813998106472,109.27134104753921,388.64039920350854,4.645191182304432
20.484411825937922,7.760703046603796,11.404652573862935,540.223909361004,2.8345936517997226
20.375875527338472,7.5369489165928645,92.513425689488,411.28441085850324,4.082062039619187
22.32356478522174,6.253115444279086,249.6761739804258,353.43938060001346,7.7232083252375485
22.88507500038814,6.7332363428100255,102.72143528318477,426.6425009894058,4.405365678548482
22.988884915410427,6.607580410211139,186.71009676252396,383.57514821512564,5.79407339094023
20.636653366414198,6.297512059226285,59.989930264020934,446.3688604059654,4.308939085741343
20.74865527810049,5.583076657504161,76.88499667077215,424.4806253619026,4.722713850206307
22.743917568315748,4.698941866541493,25.793779174354285,482.7839066655831,4.581617137167586
22.392823819932755,3.450554437301514,82.95701920850769,439.48136758378075,4.873181927710167
20.437058459683666,3.5883631740191246,230.00465961067033,337.1507887680807,7.89488638765281
20.103683534894593,5.472182212226976,89.54029633283794,405.51743671334725,5.075571287097567
21.229292008212138,4.09542106706108,27.828899096214226,477.1967084412728,4.737092002265235
21.174506204441634,3.382142009459955,211.9858634853162,359.900049411007,6.901168096110295
22.580003511087998,2.344318901091621,188.48975954403426,406.5409939113054,5.631361669490683
22.616274175260333,3.6752512910731543,36.05554852441026,472.6166641117885,4.705907246311071
20.48275653799873,3.9379051666673592,244.49115582901362,330.8171052783044,8.419929064277445
22.893517056399396,4.1935558256728225,14.966594815151332,490.6021131352951,4.516556343874654
22.236343511890087,4.850980321753804,62.61066258211919,448.32179259384714,4.691294595242831
20.47632446700168,6.945241970126242,254.6510840458496,309.6700247666377,9.43684293024825
22.688015527359138,7.736762527901678,266.24972726809045,347.7896866175575,8.287836603764621
20.098056956172112,3.419590030195944,142.48761702169844,373.1584481405995,6.027226036214582
20.877181101805423,2.8763671678747578,16.106946960641864,489.08861799341776,4.644799580398544
20.466328994654354,5.796222202217279,257.80415400708137,313.95690633188633,9.423345682903115
20.350414443410543,5.425652327932771,7.5736907487875005,511.2174918365488,4.140003028181487
22.815791361174476,7.220995274647986,264.1460410423738,356.8474441196086,7.980519666438644
22.771424236515767,4.806947226520525,259.79076318559214,372.1527419572684,7.389173516791722
22.369205864868142,7.130520288897788,73.13218504073384,448.5309244169991,3.8471545514214696
22.583966874156637,2.919113156743814,262.10648077512775,382.6641405161593,6.832096488646702
22.73817137790963,4.184212886683165,158.68855864655654,400.5947684538602,5.58717011654548
21.9697101288503,4.223404906440546,57.44168061751898,451.7540065634139,4.768056726246357
21.01767262674069,2.409368903940625,236.4178541361596,361.2152840173528,7.106914775128265
21.56649462262676,7.266721550393607,58.04883744056973,463.06606749834225,3.6663801686088235
21.165286497913833,6.704035533365286,127.15956603634675,387.1414390962469,5.09660024056749
20.311376005778875,7.894886512145077,258.71131600115984,303.94547910519464,9.678997535517851
22.381732873984774,3.0296285920774464,69.72828953382994,449.3678160189211,4.800578667979217
22.35088537037478,6.3188669814771465,55.29721612660292,462.61634022678714,4.155735562988159
22.329769853639256,4.781123497551165,257.8873101071897,360.56258286244787,7.68363135206441
22.917073242744294,5.265857588272906,223.0245934636853,377.85447547940316,6.635971479118215
20.916764469679098,6.917579873580505,4.070696318714031,537.021784765315,3.239247865783222
21.595262373238985,5.427621108522183,254.40626525268112,344.83228928789566,8.178422811918516
20.827706636007665,4.883190611565839,144.93584813274322,377.3108152921594,5.842971186184938
21.295443874181593,6.521217031337223,235.90185397897284,337.82920052261863,7.87843215413943
20.95761181865712,6.974554370651656,13.283265436572142,521.0192406343361,3.567188625716521
22.594201907382136,4.164355193637869,205.94122334546827,385.13099699391216,6.262165466415407
22.95459488571183,3.5603372097913777,197.5314470944976,396.65875168981586,5.91848244078903
21.511325931576362,7.916919973696951,8.802217268282398,544.7904070615566,2.6986181886615697
20.19789464956667,5.719028350578502,63.27740240810383,434.3256586229868,4.704654243558117
22.850651284177484,5.826734393669067,150.68230319089815,400.58264985671167,5.302729681390396
20.966447008639843,5.816909715475634,22.34853149036421,495.2809367039209,4.269131926826425
21.05884839203405,3.578795458763105,217.2674339382406,356.19483922810736,7.082570747790227
21.79814325085648,3.1354401986977956,233.245360820202,372.91021803929993,6.801766854168945
21.773657484936443,5.1323689312462335,210.1333387592485,365.2857363869013,6.770565053244226
20.988676331754558,6.00273993116749,237.7275864398804,331.940215006495,8.19352798661997
22.06476568721655,4.3110769643368485,265.20767472734127,356.41041172266,7.90346488712378
22.537136435371856,4.513292936594565,228.08564859707224,375.6617234131336,6.774238752005961
20.553491375189058,4.7149683384662415,257.15268602568506,328.35679794936016,8.864998574137573
22.002814694487355,3.2432786517112997,182.27344848740626,390.6073779557827,5.9061025485857215
21.94625982483956,2.6315808606937887,231.20694759981285,378.147208612408,6.588170052350713
21.78343072850216,7.560868818596755,31.37528729018267,504.11667766074146,3.3577834531712876
20.036118121143115,7.065668982006598,179.57217780091105,336.07210140635846,6.613121331472271
20.621047444205157,2.0338876959545646,107.28767964070988,413.5126058510313,5.271268738470927
21.102578201787086,2.1020802275188206,75.84467188751792,440.05309903707365,4.915651985988816
20.940762875257107,3.776746765732837,171.10330614615785,369.5061695420046,6.259020771573676
20.537636621448083,6.875703301023319,175.50540579422966,349.4547078097636,6.292118189596416
20.13534941049073,4.560192077854024,43.26204785934478,455.5619669512709,4.8900077150089665
22.2909894303685,2.7223618229587068,67.3222101925338,452.91218788613276,4.785179837693631
20.303511213772744,7.243853294954708,173.28055736938887,344.7809801730262,6.285451211023419
20.606864246568236,2.2186188605781827,137.8361866288857,395.46708855374834,5.621846093627796
22.903834370129875,2.3699103446992313,18.126422937384124,485.16502562975097,4.618267840720887
21.31690732148889,3.497621382587811,9.46480996232889,496.1956381814098,4.5042006322672865
20.491847357796367,7.977501765493733,9.11044459363085,544.7456939854176,2.7419537981447917
20.03340017350354,5.643523592126244,44.04085960386824,459.01524613226627,4.6496811063866685
20.956352225628706,2.1408122434710886,244.13959711523478,358.95837238415567,7.287133477056207
21.064262900771016,5.316615522168397,123.11266082395565,391.743795086629,5.382378707356349
22.085124454118073,5.955739898719672,18.99839870441725,499.6094672388544,4.177657873552757
20.174768015831916,7.792810322487828,107.0614438683056,393.2736834887102,4.287979775307292
22.45265140327663,3.220157364727378,40.445585556644055,469.3741519561734,4.751524001425212
22.421335823914955,7.935129485772684,111.68561782490795,417.4237235536144,3.9511161715061096
20.298264172109562,2.1191538362003,170.37746651305793,373.95534146772206,6.199171226124095
20.03029132193711,2.936468614961005,52.830315977120065,447.48064260929084,4.982712214985996
20.93549259587785,4.992729367019202,169.80569962441783,364.63322317297104,6.311777145046433
20.146639668109696,5.9475721727948905,197.6427477713147,331.2002263762412,7.396817879571146
21.86577782694989,2.9172047475142913,61.3366412591905,453.18133614725645,4.795950680666279
22.836259279349772,6.681353496772584,65.70965375790138,457.13052194600493,4.024210587314569
22.637353474789013,3.8321691948334116,16.869026224916148,488.412576602401,4.565118922851776
21.392861750918716,5.675315643489247,98.72656276781572,412.51068495912733,4.918413761880346
20.90759704264265,5.652981715369409,28.134925632953273,485.02127640630613,4.434887372039159
22.97821788865599,5.815078810721978,134.66348489471852,408.0954402470643,5.077764410555437
22.073473789544682,5.208018792226414,113.75476653523341,410.6512196663123,5.11457761094991
20.129430771108034,2.4435335319984497,3.573443410601928,498.981618184897,4.436951752853886
22.561077003600865,2.376700265814896,81.6239966078377,448.56281384387313,4.815750892594632
20.2642706101318,5.8082298847477265,158.33641487254621,356.75426773090237,6.195395876289462
21.14813049765845,4.666674286485642,224.47209725172334,346.94889956008103,7.509083642746557
21.813168993833628,4.492258721782144,244.85352845610126,360.003567172216,7.472379610478997
21.38091937859124,5.043951497861719,83.51570120700144,425.0693351433905,4.84754651763993
21.766777788341784,4.487318966945515,22.839560514347653,484.33583459295915,4.613749677908205
21.03173986554907,5.904665792432619,192.93094008941455,352.52972180842016,6.726696464696644
21.233771281070425,4.158577627538092,239.53596752426628,345.5383977007763,7.796232186484501
20.57736260514278,6.6454374698888925,132.98240988449905,376.08577101756566,5.329817641899363
21.396502417323735,6.220281683663723,121.51944793579523,395.18416443773657,5.1070716836851595
20.18752456225576,6.18482805477135,141.58746081984756,361.96445393625925,5.8549185035521205
22.847787454588108,7.693568897987083,89.23076439159907,441.3687058666468,3.688009536026404
21.35155522523238,6.860469890094574,50.89675322328219,466.21354636952924,3.9689044378578777
21.282595038395918,7.118226800068792,88.70834435482776,423.9169054593459,4.151726724732436
20.869457346709034,2.7666985032631652,150.63429936464902,386.9877158580714,5.793599474851442
22.663998295612224,6.119408326033998,1.6823045030494803,524.3552411454057,3.636050269600077
21.8037996006716,6.049807105473183,237.44610461602963,351.384198801136,7.553462065697121
20.06253715062376,6.254353542291412,178.69481145009607,338.835850255738,6.760426043256319
22.986120082346908,3.9240425698270154,131.04677844198963,417.56808056253925,5.206954838705077
22.23076322421061,6.405442141686162,59.60771663616148,456.43832776878344,4.186121469070024
20.57928262444126,6.81499874210412,84.84585485011753,419.2275995372381,4.321476588431969
21.893450809425797,2.792007028334271,168.9595346702896,395.5604933517672,5.7290454048203046
21.41813932275931,7.056497401479609,118.99902474031687,396.92543883085114,4.673804921104976
20.15425266577538,7.904038864861125,176.85262491648496,336.67591821273203,6.244263753194716
20.37341968030591,5.446165836738412,14.077807953200566,501.171201214921,4.3315927456200125
22.61920119962464,2.064776836236023,122.43729373318554,432.3947304907184,5.042188626344499
20.120501488836016,2.1901807875401924,251.5212515585303,336.79252571617917,8.183558053760795
22.550043136695464,3.338089719819675,244.9153511610934,381.42630893456555,6.722093055271082
20.573604654965514,4.458385216995664,199.17337048000186,349.1817653997173,7.078423776968142
21.657358151476387,2.818635335752628,202.9035142387736,378.3928052346672,6.328522821309257
22.25408998916025,3.665550061864202,88.35772297752482,434.7123624839875,4.914425003227353
22.089999350220566,3.804015938018322,265.6456489902892,360.3642788992618,7.7052566429546685
22.117433863369914,2.588896874726472,96.80950376858328,433.39134864259063,4.985564920259464
20.71331639664034,4.773443953399866,107.58042509602944,397.6521427379973,5.327290249278425
20.12593653196573,2.4781018312559797,28.842209618997238,472.1137742240164,4.888868233454245
22.80903238141705,5.868349813756219,151.99246436961332,400.0072836998103,5.322134142217136
22.882835195032406,5.974509636212248,219.23413466695987,376.21375107924547,6.567829112240592
22.45745362366059,7.849067617284456,72.46622708949724,455.7506073070299,3.3465864955526943
22.767665935915968,4.175342890872608,135.2506147715628,414.1470230558811,5.264249056480724
21.626591743249364,5.1206416850914795,101.24702549980626,414.00297605429375,5.022950010264374
20.34146418747291,2.006576574867227,168.331636724544,374.9230132492088,6.165688200638234
20.527549881265255,4.0627832572843445,135.63180371405596,381.4062903809835,5.787105552501144
20.10882554953326,2.93240343914852,268.93264993742366,324.8763582377252,9.08619099235774
21.648517809189016,3.6961983685271447,164.30114711430653,386.356084042093,5.872768547944595
21.186921001119,6.528653504643952,209.50758992267816,342.4066182304495,7.139126916601407
21.273943362519304,2.4337315439137415,211.94502179322373,374.7597754375528,6.479093067379203
22.66868246446038,3.406135943591301,237.16519089052295,383.19969541935455,6.583460967893505
21.497670054692335,7.629136881706041,94.57783942835175,420.77122105767694,3.9523765645346165
20.077691606911564,3.731149865335974,237.97708039147838,328.3847074084761,8.348467845584398
22.027263301883572,3.3137446890941193,68.24963061336346,446.9603107288856,4.812698722683552
22.9386353167948,5.369516418085672,126.58229991504167,413.31297595818194,5.083204673446254
21.71052675337195,7.610445879987579,60.69563595385577,462.33980820024914,3.503751214750812
21.0112112812533,2.707892834244949,207.3802601323691,368.1747718462557,6.6066959048616125
22.205144213629758,2.1799276888219046,186.36398478987027,399.7697299603472,5.736402591842621
20.70808939528229,6.398564586687093,65.34790825647703,439.7227147720555,4.331764151996472
20.44534902948291,4.453531063160687,0.5805569165926402,511.9875757105271,4.147241903610054
20.697158515232573,4.98431157953487,192.66734152533814,349.1121177683333,6.9644153024461435
20.814284474070437,3.3790785213254835,85.39026209282716,424.3600495356186,5.040102273287756
20.173774948077945,4.8876213153977375,42.97077582589128,456.78957749077176,4.845932573224393
20.166582593967306,5.920941017803658,136.26570214631104,366.1712259251381,5.8044583601207
22.634091624248825,7.767601253152643,191.60037309060888,373.39078188550127,5.656079679697308
20.9054755778413,4.482682522446788,150.2647409827503,376.5873755242291,5.943809690101629
22.93417229479906,4.839595121925434,211.3518841879916,384.0446402890617,6.3583152725680065
22.919421316599742,3.101730796861942,23.800035010656817,482.7621560808848,4.649832934928831
21.388274901206056,4.3542880363283825,103.15979896821804,411.18261175188013,5.18254624452158
21.973226317972557,4.737842440456485,215.73342559261155,366.434166484006,6.842777810463769
22.000548205138273,3.121469586255796,43.5579672980399,466.00849926073596,4.77701852922586
21.135980792156754,2.8755725331358004,18.501667483171424,486.4153127617082,4.681901080164627
21.125738687961068,7.422289265597509,21.239537343073614,514.7303271369458,3.4459890741481005
20.39346290179806,2.332879568526431,92.11246236842226,418.37189151086045,5.189142816113058
20.811660831523568,6.596282149030639,101.88428546077621,405.1480591109836,4.667238148093024
20.86665230340404,3.992689442070639,44.957898398475685,458.61569111320455,4.8333553298750305
21.025575083096083,7.237083859196951,78.92436583752034,431.9060364664384,4.029939094264361
22.01885788247981,4.830280437410517,77.99225735057313,435.71864884881256,4.773248843391626
20.229676767711148,2.2375138773680336,117.039093362634,399.10584891377994,5.526419758960575
21.937161091012694,3.4758077384637307,159.9441157512355,394.72455191381846,5.692648613690627
20.157878845991352,6.05209199000756,219.75065991788284,320.4643840670989,8.143037344977252
20.53395866793412,5.328510234512688,71.1567322227916,430.01331171978694,4.73983698308245
21.390817784077495,5.259138184668359,143.80798383606793,382.8190422653658,5.656173169665111
22.347408676461193,3.0704389064453466,116.09410552425564,422.89120187610956,5.130865402955253
22.90845459986946,4.577931012443607,242.07625436552553,377.9293851125109,6.924411700995861
22.834699137804513,2.751303076606108,180.6455508522817,408.5061207218617,5.566041468302483
20.24893319353811,2.314391763423132,92.94376210183215,414.343665235945,5.255026019311989
22.86114557723405,4.27527466649082,75.4292641362931,444.6540682070641,4.746406524355363
22.181212512103187,6.8421139711318775,209.23856654922034,359.02695222441025,6.62088713422054
21.60666518671692,6.160718073274531,221.09037932703393,351.0778311549994,7.222908235089728
22.719991142508718,5.126074115313461,99.08561777678753,426.00423698069847,4.872961636760817
22.905642476205426,6.986944072269691,245.6125466590658,363.388841689245,7.318221533174229
22.023560604491735,4.010131725525272,9.861783254151561,496.04212673049756,4.457642204330249
20.33860723606356,4.051689671050001,168.49473752544122,358.69982595453837,6.492445544396433
22.864202571760174,2.2429756165606127,127.68551052315571,434.2974048899089,5.025711412621138
21.099729034638347,7.544419366884499,187.24434849171962,349.4965268709825,6.213140443192197
21.362086594544593,7.830446986176575,64.12377278527994,458.8191179253639,3.3643402807214176
21.254421407624573,4.343310485872678,206.20453840913606,360.2040862875017,6.871847126060371
21.311433573909746,5.387660663186764,50.61670471141373,457.54031490550244,4.5943048331058005
22.163070418800753,7.776881100231465,10.71862182808555,540.1087376764308,2.7710859102074115
20.83690679119979,5.669648973740539,29.91595047374209,482.62550402096133,4.452621438992007
20.555959895193777,3.822912071247405,146.15780055685042,376.8830600289475,5.937920897750137
22.09920957371543,7.625868692995273,21.775807623947475,518.0732377012689,3.233431837417334
21.64184974474951,4.50520094442117,87.65244929730979,424.6387283751916,4.946476059983797
20.528442131842883,5.224568296246153,119.82226567825494,388.0564677125757,5.478594498333024
21.854299726165568,5.087944098223798,13.219475568064924,500.35003238945376,4.321781882041806
20.028516199328077,5.509256371673355,46.10561406019675,456.225476482572,4.656160652956572
20.291758667381938,5.0232154891197425,94.82212505942441,404.088500928516,5.156642833432896
22.049189278135607,3.0343608073975523,186.91820301815383,388.9648140628705,5.969688856547071
20.39985924017028,5.624043152256378,3.417784669205562,520.8037951913343,3.892510094248012
22.35751143034627,5.404884996590514,263.6460225513455,355.67882942191534,7.979988728258414
22.630466262535112,6.628321343486035,84.50618632196125,437.9559882548404,4.210971312719351
21.044216994792638,7.338412554333073,90.43931874373466,420.7323115770534,4.077360785412947
21.619675251675574,5.340558506310322,250.7560453344764,345.8448411007987,8.061676743367029
22.474901570001506,2.6583238711268375,87.42790573114677,441.4148280509232,4.88826634850656
21.345864137217696,6.095688993575864,161.90846791003725,370.97987525559904,5.861009984132144
22.879016228349407,2.2874616123335523,238.40319466427593,399.4653016872299,6.095210069741685
21.75139365709953,2.0974601034355005,176.31248136330117,400.6490535896017,5.6715157262689075
20.18321442147483,7.720974683866774,156.72640755893997,349.6248392697405,5.716111308209331
21.637056255292894,7.581356363368174,31.113515694258187,503.8731151907608,3.3759664095627757
21.19146718292725,5.750626972536819,42.81272570297917,468.2003446062766,4.4381083481623005
21.761699373295677,3.093161607627225,26.916715901925606,479.59953345612314,4.712118380200495
20.057212273267982,4.423433950984162,6.751547321625914,503.05625957270536,4.380163228727962
21.332689727845523,2.275440374568054,182.61281799501168,385.2588337912541,6.017570063871031
22.201897461767217,6.921378878303335,87.80420981115205,430.688833386198,4.192106185539457
21.576192769240727,2.0908588376485007,97.71357151434198,431.8434001285842,5.013080605028399
22.17717222847388,4.2595149348704435,153.07853635273642,392.751697607175,5.672247190175826
20.745655351737287,6.156408719263324,74.14396154673253,428.51798578532714,4.507606214553153
20.89872469210402,7.616723529599074,259.6670079379575,317.3824280328879,9.224011827133445
21.155318770613853,2.015444174211123,199.71149191541264,376.28457533076306,6.334563089074598
20.910492463851995,4.685493540281823,12.080509475475111,498.668100988173,4.437295375842339
22.932491962025612,6.415089189601527,53.3649789153838,467.6671755385922,4.111077503944136
21.075302629341877,4.199519550533661,203.62754366251627,357.45170951579155,6.897813117513786
22.528229834715393,4.364181370527014,157.73812505437013,399.46514813577267,5.595691772385175
20.30009722092201,6.500971180671018,195.71163194002008,334.732808754905,7.101133228930042
20.919420619728093,5.940980128872826,189.31907861479067,351.595425541585,6.700948453782276
20.19324751355245,3.3544193041138586,74.80900827755806,424.2497827159051,5.073672037164794
21.232654441840058,3.652616825579172,170.71531905024,374.21499287982215,6.161576331732649
21.034823454388004,5.896412863800763,234.40970667182498,336.4964307531617,7.949276487327743
20.440797418056746,5.53692654217336,114.68018956189985,386.96711484486923,5.366906637525685
20.36401122664539,3.769287935797527,139.33699611371895,376.135455348655,5.921265561623313
21.794315814254855,3.4928841534807455,173.52271821122142,389.4262126610869,5.87343852486053
21.108237095076042,4.815691625980195,132.45048287590674,387.176978477503,5.601446511549825
20.833531126034117,3.703375091037183,245.70006335903312,345.2301292535414,7.906050425702144
22.79463394363567,3.458764809505109,6.079758478750139,496.1172391842416,4.443020049665552
20.015232927084362,7.4714734437033705,178.43921481833968,336.1850450421203,6.500992280461961
21.437211103436827,7.970315041729731,241.29502628918436,330.547790962715,8.025973594057032
21.22293450533902,7.073285298590992,144.06763634638185,374.94151314109035,5.252291580593181
22.37842986435212,3.4766097476963638,101.45160694780948,428.65126756047084,5.017295746022441
22.142884182771567,4.63359706593359,163.60953714048736,386.96397257396245,5.831826871037286
22.48203880858227,5.24396590485456,148.8630259639656,395.5519456428311,5.522095805062081
22.843717936393492,2.378300891720505,38.137901093938865,473.58582228020805,4.7025559626018465
21.338371198300923,4.465181176675733,27.723556538398928,478.3738438582303,4.697126629776169
22.431894967507382,3.760776964110039,194.319845508913,385.258486131076,6.126920419498257
20.59981810777343,7.955786729715576,122.78127168505063,385.72245880164314,4.500826098877995
21.888842236125612,3.07881824274428,191.08928797886753,385.4191657577886,6.083111044423492
21.735119142978704,4.937671076992531,166.49674648384425,377.9840933887041,6.008077928556963
20.211398283101833,7.251368836754937,164.59770565178607,344.5448015998976,6.063406732796862
22.029237441522334,7.202202784247791,139.71906536918812,391.8082853312624,4.917679855562089
22.787270607270447,2.7572379642544615,89.08414595595447,444.5723038094108,4.846521984096829
22.611712703385592,4.581810089552788,37.26358778363899,472.42923925276204,4.643930225938248
21.375624871126515,6.193443287275239,240.95825752282752,338.69320405709925,8.022414635599155
21.20862030862363,5.073490882638324,127.84292721068533,389.26793165395395,5.498586671941355
20.612829705894868,4.646783829038728,50.05018403536605,451.3982815970981,4.827996726525222
21.74416268201224,2.775472578227362,123.16253714960777,412.04942423019327,5.293360704033827
20.75639283864117,7.465781418825903,78.14982861986459,432.6189496508459,3.881084245243459
22.34235119207061,2.0008379246553094,112.1449326249951,433.1025722321525,5.0196166064264816
22.4137393325629,4.3988713746312715,51.20846362100164,458.89493000887103,4.7224168563584685
22.29888866691638,2.68877384272873,77.73473260475865,446.8515950807145,4.826564672351434
21.890335913725316,6.777414737902519,127.38605536872231,397.94770482205104,4.820421916724751
21.55012306536971,7.3581675789372145,153.438790188575,377.27316856606325,5.2090540559450655
22.758168433987358,5.154154229087455,62.01923621107504,454.64570103352077,4.569210932967149
22.18088142914393,4.017629108798588,213.28834268923464,372.31826750298995,6.623096584482725
21.13398542798667,7.875623029472834,264.6138040855697,316.4333254619231,9.341666724802923
20.381730490856818,3.5271701588562534,90.58876778261858,412.14129251902125,5.206918687199495
21.069691590732052,7.608052137997338,177.5191371621698,354.61439636390236,5.915978409016444
22.578706547128576,4.522410992719756,63.7475075782647,450.745259198408,4.693168498439121
22.06101497174803,7.171527540260703,256.93613546238146,341.2581399848161,8.225926167259672
22.6334578814127,6.215887277156447,100.09238228499193,425.0480145893456,4.60512141171779
21.90447638860512,3.441415543679472,243.1360020394361,368.1886823191403,7.086633643881284
21.41324226325335,2.851804445340518,227.86191593645435,364.86702744917585,6.9358390553113765
21.79279017925121,6.619518336077575,225.10906300896798,352.8351588889294,7.187446278210052
20.94804191077077,5.9707462423550925,152.49650820981876,369.80865299257516,5.848501157570893
22.42527907799361,4.811012010255241,11.723281659755232,498.6960823241289,4.365050649375551
21.357869794165374,3.35703942584063,249.44258325111053,354.4472002174044,7.60846603517889
21.462714822062477,5.877861428909336,217.65557616112363,347.9766343292277,7.269606175837087
22.83089128518093,2.6805935264054375,80.17133221484804,450.3900170141005,4.78887249200792
20.044489042735666,5.875585171025204,174.7634721591604,342.6379421925392,6.730124470704737
20.794135820093835,2.523657528258849,105.01207246465833,415.01484695153215,5.217829365544384
22.784412356598775,2.1329868188113332,228.66598923937644,404.9908045478451,5.88278927566766
20.893928730480628,5.2876622671221085,238.71951985325038,335.6204405503858,8.154678126145448
22.072295889532846,2.830710360092851,177.81491406514135,394.58376208888006,5.795322760394805
20.639613423421313,6.029066610191175,217.48482157302146,333.16445010975315,7.688136678020134
22.4150327241815,2.2330992226595043,35.6857099365386,473.666996410588,4.729339841958078
21.847844750763187,3.455134107382562,197.9406895975381,380.9248039886535,6.240403454795809
22.29300435810319,7.563888712283804,262.90890433379076,342.85591012149933,8.325557901303752
22.437744275625917,2.9998005136190056,239.34921033325736,381.5782049459692,6.589430456790097
20.42761331620957,4.770038609888738,187.8375202346598,345.6483396075577,6.991888813111222
20.086247441325035,3.881809716518691,207.04951580095783,337.7146135328012,7.508210681272939
21.59938368709399,4.0063872836489995,43.97387766508966,462.3510273461341,4.770973671054385
22.589918421997375,6.782914001192012,195.4158653685459,374.44979150940975,6.041350837026654
21.88354819821699,5.179948296457197,178.18724240850878,376.71030942074367,6.114117996898622
21.03571324595509,3.26007688200775,67.7578823129314,440.29256826284495,4.891768681766555
22.56575578712276,5.041568827004954,255.53012413727603,365.37226408916433,7.518079641057232
21.524731774152716,6.797844773616394,238.6770476253001,341.36316412009353,7.80629843741219
22.371214431943624,4.67605253223116,38.540443295833605,470.4084245919499,4.66716463359055
21.337431526168437,3.187256444643479,132.690080982627,401.1196456956757,5.485802910255828
22.125210664701918,5.0012463749769775,14.376670216122463,498.04780700552027,4.352533113741855
22.871322375515614,4.233165363809946,115.76323788756854,422.9032981487543,5.0806146178864795
20.775332367785374,6.840215528245439,158.1309579475211,364.1022899628702,5.714581702800009
20.03920416689231,3.6339086245695977,163.0868605884222,359.68352051807676,6.435632823117896
20.010749262389844,5.542775374559876,234.76847883662256,317.03821340692184,8.689517869246755
21.988678138827428,5.688579788032841,70.05753818263679,442.16931560767284,4.5278333398021005
21.6827978770846,3.7044112284241466,140.09656220587527,397.45610716241265,5.546237490697374
21.53240605776075,6.831408072656368,172.50382767371687,368.06270863964147,5.828555524779692
22.694299165701153,6.585645794175665,104.74147236858062,422.13296352492705,4.4696036006146365
22.75192445881614,5.296210228746972,96.99551565316023,430.0024914802689,4.7628784998897284
22.130515406442534,6.303689896620961,169.13173240027683,377.70018929657937,5.735328280089794
20.251032610044255,7.69581635802902,252.7316176721497,307.0271787300292,9.371321717851465
20.088237434658414,4.066013930789395,108.69197542860606,391.5782163919839,5.5258145602436155
20.32473163757077,7.274013995645968,94.18669488250171,407.89800474947737,4.272824072645976
20.85439278416149,4.7867633734480135,167.00002864273935,365.9439982044285,6.255140256589833
21.20128529064648,6.745705555713654,32.83084535679078,487.600379944997,4.042670253959914
22.983251065213803,4.864488851892171,91.62251983032255,433.77356802881394,4.814707048532891
20.981839351912992,6.076150716779955,16.25663434804485,506.9465886146029,4.038539908410473
20.496125718095946,3.736774954024777,185.0563269642003,354.23199090414175,6.7646857892965535
22.714696419899738,6.828361060755647,149.7076020592223,394.5366096157285,5.076850703167179
20.225381038353795,6.7899256906622725,109.59558981881258,387.268261975412,4.900448265785319
21.54322317514867,3.0426695720741774,7.091815528857045,497.78116022840385,4.471779256373952
22.946517677442472,4.63643926236446,225.56033209536704,381.8954567508722,6.591409886311938
22.40498422567037,2.1833224998730323,242.22669074446986,389.46795403437454,6.345628166256734
21.089830039007097,4.996881478041825,139.22057725571293,383.1507744110902,5.709544656640917
21.739848860785134,4.129141955592042,59.88788319882436,447.99391198564695,4.797610344945504
22.656879849370224,2.4203351381175424,71.68360858338815,453.66468262043486,4.77042064320396
20.179295479510223,2.431365499175231,76.5886575083572,427.4907668350518,5.076219038631139
21.536552808093347,3.3236999432395367,67.02142343237395,444.86902786275726,4.835751987193962
22.12759188507162,6.289335075381809,196.93566186679078,365.87720926872544,6.358399450396833
22.469122711809888,4.289587171550579,230.8362450959692,371.0221831351972,6.912940610640677
21.467230091929228,6.536698002310565,24.96902180925357,499.37770460714546,3.936441903701885
20.379343240638967,6.720729553383343,192.01874829600297,336.50977227344214,6.982520864583333
20.784504199884825,5.5997967332291445,54.62558596175877,451.58237695521007,4.556290092166068
21.719148511190593,5.7750250970579255,252.64515650214318,342.3590123428404,8.198956240931878
20.7348400247452,6.194357891524771,99.10699306428248,403.6299962017807,4.88016998683587
22.34440275404086,7.50414609552997,147.2950979836081,391.4026544601039,4.777976722170298
22.992740703898704,4.297283309384428,198.4238767174425,390.75108427907867,6.081389011597304
20.650301803559973,3.614980155521561,5.900625278801367,501.66605275491486,4.404485528773619
20.884319904044254,3.7547083156440664,126.84191457111886,392.6245322271841,5.553280832488432
22.564510379945848,3.514620102549812,124.37061481683092,418.53456129566047,5.181195045569365
22.72512152214248,7.244526767957548,17.77923185451253,516.2190392152964,3.4773853163837494
20.38425969902056,3.8725850601954623,167.1761463524993,360.8867030142676,6.431417694112
21.840106142248082,6.136279120055207,188.28741258181716,368.5080046695274,6.238403212345715
21.989928513346346,3.9919011067964227,51.58131500362662,457.22041759969386,4.767610541202362
21.225243188715602,6.855311204963585,69.28813390345343,441.68385075058785,4.064221657633461
20.521962808358253,6.490941592040741,118.3930586677847,387.3486057362678,5.127674367744898
21.042689032135065,5.249961697675028,131.42254695629137,387.00573108647285,5.555441299014681
22.01141736537651,7.667748331161839,123.66811839157656,403.47782170964024,4.3665487303706465
20.707481218076698,4.764082006594237,106.84063067285038,398.21471224900904,5.316390895293305
22.926370072471293,7.931004318458155,58.14619007433544,476.08458412797273,3.2267728775909967
21.67414999468828,7.230288673487037,62.72295167630115,455.079128855436,3.8330619137291615
20.215924879390986,2.364425669163598,76.01479567344091,427.97417518136683,5.071211176150689
20.092907015634555,7.522293983236677,151.55685613573155,353.21963781103165,5.565546344861016
20.243759804855486,5.182900552970942,215.0269349404558,327.1928237538474,7.950029583354654
21.318811804246163,6.535752481804961,185.73301299894086,357.850123920318,6.325775182451998
21.402035012227394,5.552026668202485,45.89573312542591,464.1163361053378,4.509706485208598
21.306327249509522,4.029493947482704,123.97677079643626,399.056055787217,5.440029028107561
20.823364385296333,2.968280504118895,17.361884264775874,487.7976294630251,4.663317032679028
20.89442310125092,3.025266262776783,138.79993080700578,391.1443022546451,5.664217610153324
22.705921947789346,2.5109828014942535,126.06928008482889,426.0201357822905,5.118946396142506
21.565416115365185,2.0479766351217132,126.23978068950527,416.93318584437134,5.248916329573529
20.69199692231985,3.241004042531078,121.37820565658295,396.96304828351595,5.518563259194048
22.806792887350483,3.5913940338038075,235.1988548173611,387.3081459003067,6.488085794597428
21.8190422982447,5.785253537667641,269.38024448542836,343.9223230738123,8.575034056843307
21.620260045109504,6.2654675930419526,175.9301489233645,368.0181512473704,6.024798151306914
22.0131724861423,4.844296010951183,10.4189751421968,500.42632037053465,4.345279249707603
20.801997809335703,7.817259526409876,201.7565656543522,339.55616258486805,6.685679532159916
21.47290525600792,5.2811350571064715,11.174166323043227,505.7814113354642,4.215671390069372
20.87230234321267,2.248003686204385,242.90516980958543,359.30136859030245,7.259377844806562
20.321340063325618,4.86908444368664,83.29693379398142,414.7660864306089,5.040343686401906
20.360681314738716,2.5683731726825894,226.3965498602608,346.38753763028905,7.478075941176742
22.26140755384441,2.666834682988874,172.5777717435265,403.817639148823,5.603465079450144
20.198293550994773,5.114735138112654,58.600909009243935,438.51252803317436,4.827536672821338
21.484314991305105,6.566409054255228,115.40577243833495,399.44460536096364,4.827887730394976
21.495732514748244,3.670637756624193,92.78749736370443,422.0378130955674,5.068088382811959
21.919134340979117,3.108552113972135,59.37774444284658,453.68823525229504,4.797453177484179
20.874510305308558,2.2046734299457165,125.10985896829591,407.02039648070513,5.386684908880448
22.212437073101732,2.0514284424904945,78.44461156089436,446.8825874876587,4.83894660684088
22.192372167957284,5.661062384736842,253.74643659991398,350.81775667926007,7.900854545896076
22.43985013172982,4.749440089931023,85.16478535865251,433.0186487051039,4.851727985041007
20.012411220875137,6.582253697885297,240.06196335026442,310.0718516806618,8.982717931312155
21.992811768621202,7.8512075010334295,79.74056347842763,444.00538067756054,3.4632669762185326
22.96746097094903,4.034041406823694,128.67655602927834,416.99753886678843,5.199933146963798
20.234558252948872,3.4295325214428916,269.87772505525777,320.7470547234331,9.356397661597143
20.858219153000803,4.979633444422564,115.13732420260541,396.0156524915611,5.36776414022891
22.021682172929026,5.706645348835602,44.32301203395589,468.5605041286256,4.458852187783101
21.858810341831514,5.105635495463508,260.2135851250885,351.0487768870149,8.099455515529932
20.28352516899711,7.671165098231897,248.6983056882011,308.5265607775478,9.164523537170515
22.16278965670387,7.726551075612559,8.24383619066907,539.3475131688143,2.889342875092078
22.791157154448584,6.083316345878551,229.12236589836957,372.0928267203053,6.814170011471962
22.99558435786271,5.4165080052274615,110.02473453302142,422.215467947603,4.897556445847825
21.261583566646937,2.835092988140252,56.76867504236578,453.17417563862364,4.838959866674792
21.912975864517456,3.051196537294908,88.05951431936879,433.92872632124784,4.947836217987723
21.877539523383877,2.1285039052296155,231.85296576172823,383.5637191166044,6.4187297472794
22.73978248303422,2.1245672880238478,269.5487210484733,389.87989341335873,6.599400783449372
20.995234626031827,2.9869331374194203,71.83386545366263,437.85211971253614,4.91690872964099
22.64785607738463,6.692745569084221,61.56352496307495,459.32788806017504,4.031217238228465
20.630375447453584,2.5510048038216597,106.1586922807255,410.4170763665383,5.296288707885985
20.1529035518147,5.993640188697804,213.6049019892042,324.14084344673984,7.922297569687475
22.31993374336172,3.6468035574359727,259.0952767132277,370.0660912767238,7.267315365488081
22.74856310916059,3.9757426495763104,121.10353056370377,418.35962976472183,5.164523105876726
20.47132254698837,5.2206203118930885,216.76399429252714,332.35446849407833,7.821794890503007
20.562071588707,6.350168033943789,255.35324072520717,318.4734709474093,9.160475731118037
22.9242509888632,7.015163006912227,22.987647840076118,509.4414158731087,3.549171604127004
20.914320807378765,4.92498092883965,155.79246443093942,371.4945622541849,6.038654262484901
20.398963577297234,4.702661083456935,80.32168195846965,417.7244337021692,5.037918364418411
22.19357765787077,3.9058683107626835,44.70920783309726,463.3904064353763,4.75808709892828
22.057496186058202,5.853555108610185,253.04812859451923,349.5309436508767,7.912723195801924
21.244590010037662,4.1156392575560705,235.46891565125208,346.77208628377156,7.684283772875786
20.887991878178973,4.932207445576264,122.16013858303582,391.227413117315,5.47236134290454
22.20399771842102,4.392367728864934,63.595789879076136,447.18383702476785,4.764865727121486
20.980455430675672,3.370822248554243,173.68919210124542,372.097003402145,6.230162109114207
20.790274115142115,2.521441344014849,143.1420096741753,392.8451216033818,5.660326273428799
21.214475066487537,4.335411127996333,157.58264742009052,375.5187681966027,6.025393570747717
22.052651715955832,6.438762362579569,48.54960123200224,468.6156702760013,4.163641079695896
22.962508922461346,2.56380238391181,61.22916971852877,460.1636983404963,4.730417056152275
21.569827963243448,2.0849756991301676,183.30818795173678,392.98181936034484,5.860777136818566
22.613353766871686,3.6872148967756813,68.88518524015912,449.40543131354224,4.765013191772405
21.695904714336265,3.3459550815962364,205.5982248269969,373.0335221217215,6.500772784993668
22.665041638326525,3.8904853420126,233.79285905961748,379.7636305186297,6.684601614951619
20.89005270656646,6.691565270158425,135.2849026035751,378.88493805648426,5.288346956006693
22.398664203602003,7.155947933175943,10.032897582583832,527.4782426594537,3.3032769045162933
21.18802699925577,4.363029305253247,45.41413159645607,458.7425576502673,4.804838693252063
22.35233773130559,6.511706747738894,194.46639554874992,370.84110747497067,6.163516852909206
20.55093582403641,7.990108419251177,41.17120698706951,488.09344528236267,3.3529110457953895
20.62022077324374,7.027188671827976,195.98842424706592,338.39793220760976,6.860537483664066
21.412690031426873,7.0781732597591915,103.85511907012214,409.59064533163877,4.4024231509168175
20.863350099685384,3.2798486894437646,84.59455061724304,424.97856701293097,5.031786537881631
20.073382495122928,3.722390253098805,70.36593815751081,427.287661778418,5.035280412152746
22.151492411086192,5.695549163552407,17.890245604609603,498.52765990689875,4.253603241096799
20.333034657758503,6.452920410702273,112.70349052578628,388.0271916004031,5.0942754241531585
20.943119701807017,5.483880262703378,136.4365389910703,380.5835559787675,5.635064937906002
21.611688813850456,2.954010629113293,191.83703501240987,382.13470334351314,6.151998145728166
20.41381608780268,5.734424852295614,205.16786347950483,334.5421886934074,7.481253556865903
21.78126570486933,7.860027320532165,225.79262193424995,347.6434534556975,7.05833808686189
21.247448575628365,5.3590054823189455,82.33785965452532,423.70253205223605,4.805607927054007
21.659380280190938,6.111838967453863,2.149214454283241,527.2084574865879,3.6181977221537793
20.206915123083085,5.7226479542211495,207.28371571165258,327.95674519400376,7.717574327832563
21.105209820948705,3.9533923749459143,140.15070560817622,387.5312647341347,5.709537869367825
22.516136572955116,5.979925127789366,260.805405335863,359.2328644348738,7.815906670954472
20.138132418397433,2.58211545519255,5.200449850165569,498.44806304322805,4.472494695682021
21.24060436258531,4.644680039364037,229.55062058813306,345.27687046996556,7.648460152559418
22.517790937708558,3.234668275762634,36.328171870577535,473.23926054790945,4.722368801419932
22.68661160318655,7.365041536700164,28.9753619352298,504.6921528434139,3.4783848720426556
22.95907049736938,3.81410103546462,73.36697307856673,447.5249347172487,4.755195806815282
21.61588486622051,3.2177260262873797,35.42752589333073,471.54908556321595,4.7770442728973705
22.17070100535449,5.477370569857475,106.58375380846793,414.7849934013656,4.978913992004699
22.67837171815562,3.910473068422586,230.247210685895,380.6286404158124,6.6187412634112865
21.844807373445303,3.8553949555041145,194.8383532527103,377.9744822848849,6.292749869644346
20.424859293248304,6.467412090310905,128.83993789767982,375.0726284978416,5.414116951445959
20.11303748931218,7.833451782732453,26.476322892989522,510.739023798599,3.272090167106011
20.319017395412224,4.955409913512938,138.57809677475043,371.85422470927506,5.920825705188308
21.705626307890746,5.321513436373351,21.998173545835375,491.6829371602102,4.403866482383899
22.042046832995574,5.56337449870232,143.5279899585079,392.4085210647073,5.43486290822036
21.26562842935661,6.641537351158667,128.09962789527236,390.1678227910264,5.052918827931858
21.707207866456383,5.191782666013728,36.822206230244475,472.658600373105,4.598313026403751
21.48662679444005,2.785878433230775,222.14262199249657,366.61138033271004,6.8199705812972935
22.531644544242937,7.296699235125611,131.95586603426557,404.51654206979754,4.551860470125542
21.879796080993852,5.908825763639067,179.00973270163988,373.23735236096906,6.068503155387631
22.525514391918115,6.463438601686347,266.61158818219906,354.6772477990062,8.11971018175379
22.315012775388794,3.8687096135837917,64.74010770841284,449.2765159133586,4.769366098234807
20.842927311937736,2.6963517985923784,55.59075680727897,451.9281084983858,4.865492116125194
20.254619423756115,5.011120719040939,32.135055338521816,473.5556161249332,4.689289389099139
22.39514701927949,7.708338260289777,9.183591485589996,537.4760746038872,2.917121935994442
21.181734683692177,5.696152994644746,222.9649164504304,341.81370871758236,7.57630044318924
21.921130785489314,7.949479498608183,169.45633301036116,372.80126107629906,5.282647872944306
22.10320627001456,2.9951046336293583,174.4207913670094,395.8289028735917,5.7532498872624025
22.554862624816725,5.080107350576668,54.27866518249949,459.4020389449904,4.576430565610128
21.724827196848864,7.778462813822449,256.61669092595434,331.0322830217756,8.527938254130177
21.476886809363066,7.417104894896681,247.71598539367562,330.0747784773779,8.353098131369546
20.513979458855825,4.301262516155674,46.93815400191137,454.41757196201877,4.8516715796528835
20.419267642774745,7.1008736432540385,81.53069283193516,420.9779259253577,4.179116150376901
20.72387341376468,7.700003659780913,240.02797959105118,318.0298678948518,8.51467721499332
22.828516862951542,6.4239551341946415,32.11380247466196,490.0945047527732,4.043826069481344
20.664230630048433,5.949895999378634,200.72120048600922,341.082771710825,7.169916807069111
20.952904445890937,2.15181630622408,129.70954050443626,404.50125562951905,5.436975110337917
22.966377088483718,4.9186211867384895,21.36188505137249,488.80955747229876,4.480297084910498
20.750999500142928,6.713169250955637,90.90317229222525,415.43340317879273,4.486390003573426
22.41174234137169,6.384532237203446,113.39697957666654,412.7907017498038,4.726798498435375
22.568040122247425,5.640665106487227,41.89998349547495,473.2362068565519,4.413305007791911
20.767494065354587,6.204298393102366,148.6570651238083,371.370802119518,5.710728913439083
21.541026783007574,5.84120989512344,110.71142277983584,406.5052046910854,4.967963736958585
20.564374116549047,4.711078532798313,189.6002940573857,351.6863545917613,6.876327416201703
21.547556159260086,6.980519713360627,226.9301727845695,345.42555876947046,7.393460498348579
20.51799085673583,3.415057847015995,62.36681154619167,441.071201755702,4.9202849216398805
21.160256159025018,4.742515879620312,181.4947392080865,363.2693473164463,6.490278303166161
22.47509061887675,2.6233954308732716,146.45011173925346,413.59929084485816,5.344179182389069
22.522228548577907,6.088742349765366,30.69347718089787,488.781798751918,4.165672126360085
21.35514960334927,5.884556928187853,161.6805040962952,371.85519257163924,5.906306004377273
21.717592599689084,5.632095126409736,204.89539084024065,359.18318401031,6.794121812913776
20.60020821718737,7.888965651803275,181.75872744759124,344.3104754350832,6.140099625345347
21.960038283708137,4.329739994352665,109.69664464593193,413.3297631758279,5.1629517854049
22.811374700308814,6.5743183673897185,40.964881369035226,482.5859382395877,3.965400775656066
20.755701471071404,7.438362496283299,252.16208474298196,320.89097574919924,8.863764275292334
21.505276119644932,2.5456357568923886,27.391800350968225,478.37089337661496,4.735278277955638
20.53651898562517,7.552337556083399,118.58646641466692,388.55123403856464,4.557482977348867
20.924534357837686,6.558142738951174,0.12178227617248608,540.1086477954082,3.214559393822523
21.68731096771974,7.2891626769070745,65.1631192493153,454.2274111208043,3.694075886129776
21.97936973862853,7.730124540562479,184.11351844668545,365.68822677708897,5.7859838193430635
