index,R01_06_CO201,R01_06_FCI01,R01_06_MVV01,R01_06_TRU01,HTR9_VES01_SI01,HTR9_VES01_TUD01,HTR9_VEN02_Status,HTRK_RAD01_TR02
2025-08-31 22:00:00+00:00,418.0,115.7836364,0,26.2,0.0,18.45061111,1,26.1
2025-08-31 23:00:00+00:00,437.7142857,246.8889952,0,25.699,0.0,20.1575,1,26.1
2025-09-01 00:00:00+00:00,433.68,253.3349282,0,25.36727273,0.0,20.26,1,26.1
2025-09-01 01:00:00+00:00,434.2641026,251.6060606,0,25.08844444,0.0,20.47490909,1,26.1
2025-09-01 02:00:00+00:00,433.4222222,252.65,0,24.868,0.0,18.5,1,26.1
2025-09-01 03:00:00+00:00,431.95,245.3409091,0,24.5047619,0.0,19.16142857,1,25.9
2025-09-01 04:00:00+00:00,430.8858586,253.7639216,0,24.21333333,0.566666667,20.04,1,25.9
2025-09-01 05:00:00+00:00,430.7215476,247.9350682,0,24.2290293,24.30086531,20.37475079,1,25.77296293
2025-09-01 06:00:00+00:00,438.6,251.0909091,0,24.1,120.0984901,20.97563636,1,25.7
2025-09-01 07:00:00+00:00,473.2,251.3333333,0,24.1,138.1477436,21.38375,1,25.6
2025-09-01 08:00:00+00:00,551.46,253.9236364,0,24.678,408.2562,22.45323077,1,25.6
2025-09-01 09:00:00+00:00,520.1212121,251.5476923,0,24.8,507.3288,22.46285714,1,25.6
2025-09-01 10:00:00+00:00,524.6933333,239.5095238,0,24.9,553.4941353,22.74,1,25.5
2025-09-01 11:00:00+00:00,584.0533333,250.3625,0,25.0,546.7058061,23.03888889,1,25.5
2025-09-01 12:00:00+00:00,509.5764706,252.8333333,0,24.8,377.5286364,22.38314286,1,25.4
2025-09-01 13:00:00+00:00,612.9916667,252.8666667,0,25.20222222,241.1710667,22.02857143,1,25.4
2025-09-01 14:00:00+00:00,623.7833333,245.5,0,25.71475524,516.4021739,20.45,1,25.4
2025-09-01 15:00:00+00:00,464.6,52.0421978,0,25.6,215.539742,20.71568889,1,25.4
2025-09-01 16:00:00+00:00,458.0,51.125,0,25.7,32.15874621,20.48466667,1,25.4
2025-09-01 17:00:00+00:00,444.6945455,50.13111111,0,25.5,13.74003368,20.68755556,1,25.4
2025-09-01 18:00:00+00:00,444.7571429,49.03333333,0,25.4,0.04,19.94,1,25.3
2025-09-01 19:00:00+00:00,439.9630952,49.10865801,0,25.3,0.0,16.95114286,1,25.3
2025-09-01 20:00:00+00:00,436.1942857,0.0,0,25.2,0.0,17.18688571,1,25.3
2025-09-01 21:00:00+00:00,434.0,0.0,0,25.2,0.0,18.04644444,1,25.4
2025-09-01 22:00:00+00:00,441.1909091,97.71227106,0,25.0,0.0,18.32054545,1,25.4
2025-09-01 23:00:00+00:00,454.95,249.9571429,0,24.95846154,0.0,16.9,1,25.4
2025-09-02 00:00:00+00:00,456.4839161,20.63703704,0,24.42557505,0.0,16.70777273,1,25.3
2025-09-02 01:00:00+00:00,458.6615385,247.6315569,0,24.5,0.0,16.3,1,25.2
2025-09-02 02:00:00+00:00,465.8392857,250.910303,0,24.2,0.0,15.90641026,1,25.2
2025-09-02 03:00:00+00:00,467.5666667,162.29,0,23.95309942,0.0,15.7,1,25.0
2025-09-02 04:00:00+00:00,464.7657143,56.36111111,0,24.0,0.042222222,15.545,1,25.0
2025-09-02 05:00:00+00:00,468.3655659,251.8317433,0,23.75210317,8.642042732,15.48466667,1,25.0
2025-09-02 06:00:00+00:00,482.8909091,250.6611765,0,23.66652217,111.8726006,15.3,1,25.0
2025-09-02 07:00:00+00:00,501.0666667,249.0666667,0,23.6,113.3219588,15.83366667,1,25.0
2025-09-02 08:00:00+00:00,568.62,250.9227273,0,24.14363636,155.4068991,17.22363636,1,25.0
2025-09-02 09:00:00+00:00,653.2545455,252.0952381,0,24.7,194.6443297,18.23485714,1,25.0
2025-09-02 10:00:00+00:00,486.4,249.8428571,0,23.99090909,120.3641927,18.30057143,1,25.0
2025-09-02 11:00:00+00:00,582.8833333,250.5993007,0,24.4,276.124,19.093,1,25.0
2025-09-02 12:00:00+00:00,590.1346154,249.9447576,0,24.4,265.8421125,19.33270455,1,25.0
2025-09-02 13:00:00+00:00,645.2068182,253.7961722,0,24.9,136.2297197,19.028,1,25.0
2025-09-02 14:00:00+00:00,513.1452381,212.1662191,0,24.77131579,115.2710525,18.86085714,1,25.0
2025-09-02 15:00:00+00:00,737.5727273,72.25201288,0,25.08197066,372.1373307,20.35313131,1,25.0
2025-09-02 16:00:00+00:00,451.0882353,50.23275862,0,24.96583333,204.4462716,20.2032197,1,25.0
2025-09-02 17:00:00+00:00,437.5311111,50.9245614,0,24.7,33.21855668,20.6058,1,25.0
2025-09-02 18:00:00+00:00,450.0,51.02758621,0,24.6,2.996382735,17.99307692,1,25.0
2025-09-02 19:00:00+00:00,446.6136752,39.79545455,0,24.6,0.0,17.76164286,1,25.0
2025-09-02 20:00:00+00:00,443.7166667,0.0,0,24.6,0.0,17.13125,1,25.0
2025-09-02 21:00:00+00:00,437.95,1.8,0,24.6,0.0,15.35,1,25.1
2025-09-02 22:00:00+00:00,439.415,62.95238095,0,24.4,0.0,15.21353333,1,25.1
2025-09-02 23:00:00+00:00,440.4428571,55.27225806,0,24.1,0.0,16.795,1,25.1
2025-09-03 00:00:00+00:00,446.3194406,58.92431648,0,24.1,0.0,16.40041558,1,25.1
2025-09-03 01:00:00+00:00,459.0,60.17777778,0,23.8,0.0,14.9148,1,25.0
2025-09-03 02:00:00+00:00,460.0,64.0,0,23.7,0.0,14.65392857,1,25.0
2025-09-03 03:00:00+00:00,459.0575658,49.52141268,0,23.66671301,0.0,15.34725,1,25.0
2025-09-03 04:00:00+00:00,461.6,57.77679957,0,23.7,0.203454546,14.22666667,1,24.9
2025-09-03 05:00:00+00:00,454.2363636,258.0727273,0,23.7,50.28403636,15.1,1,24.9
2025-09-03 06:00:00+00:00,463.06,250.0210526,0,23.4,161.2104091,15.9545,1,24.8
2025-09-03 07:00:00+00:00,476.7555556,239.6197861,0,23.3,293.8016373,19.09361905,1,24.8
2025-09-03 08:00:00+00:00,589.6363636,250.6834127,0,24.0,179.634625,20.62886364,1,24.9
2025-09-03 09:00:00+00:00,523.3257143,248.6711632,0,23.76,400.2449051,20.56714286,1,24.9
2025-09-03 10:00:00+00:00,612.3111111,245.1852814,0,24.40357143,581.7399035,22.351,1,24.9
2025-09-03 11:00:00+00:00,517.0,245.0615385,0,23.9,616.93484,21.265,1,25.0
2025-09-03 12:00:00+00:00,488.8285714,249.9033333,0,24.0,605.5101762,21.3,1,25.0
2025-09-03 13:00:00+00:00,567.615,248.5747126,0,24.44741379,604.8780244,21.92578947,1,25.0
2025-09-03 14:00:00+00:00,521.0,51.0,0,24.3,231.206,21.0,1,25.0
2025-09-03 15:00:00+00:00,558.2663462,49.056,0,25.09232323,133.1930112,20.33384615,1,25.0
2025-09-03 16:00:00+00:00,454.8,46.65,0,25.52181818,224.2968907,19.91480342,1,25.0
2025-09-03 17:00:00+00:00,450.0,49.85,0,25.6,32.49846667,20.11,1,24.9
2025-09-03 18:00:00+00:00,441.1626984,48.47727273,0,25.30833333,1.385227273,19.86125,1,24.9
2025-09-03 19:00:00+00:00,435.634359,30.09000583,0,25.1,0.0,19.78707692,1,24.9
2025-09-03 20:00:00+00:00,431.15,0.0,0,25.0,0.0,19.8,1,24.9
2025-09-03 21:00:00+00:00,425.0444444,5.3,0,24.9,0.0,19.4,1,25.0
2025-09-03 22:00:00+00:00,427.0,53.42304822,0,24.6,0.0,19.20208333,1,25.0
2025-09-03 23:00:00+00:00,432.0,253.3982828,0,24.38434783,0.0,19.22,1,25.0
2025-09-04 00:00:00+00:00,432.9467836,253.8678879,0,24.14178732,0.0,19.08,1,25.0
2025-09-04 01:00:00+00:00,434.0,253.7214286,0,24.09406162,0.0,18.88067045,1,25.0
2025-09-04 02:00:00+00:00,436.0,254.0,0,23.9,0.0,18.5976,1,25.0
2025-09-04 03:00:00+00:00,433.0,251.1481481,0,23.79714286,0.0,18.19878788,1,25.0
2025-09-04 04:00:00+00:00,436.2,54.14584416,0,23.8,0.164,18.0,1,25.0
2025-09-04 05:00:00+00:00,438.8909091,244.7666667,0,23.6235,29.15951515,18.00160317,1,24.9
2025-09-04 06:00:00+00:00,450.7731624,250.1929032,0,23.4747619,60.30605419,18.25,1,24.8
2025-09-04 07:00:00+00:00,500.64,245.773913,0,23.38434286,355.3235239,20.12923077,1,24.8
2025-09-04 08:00:00+00:00,633.2833333,251.6404762,0,24.199,213.7888857,21.69333333,1,24.8
2025-09-04 09:00:00+00:00,492.674026,251.5404222,0,24.01292208,587.2924013,22.98012821,1,24.8
2025-09-04 10:00:00+00:00,556.84375,249.75,0,24.3,628.007419,23.48541667,1,24.8
2025-09-04 11:00:00+00:00,534.7427156,246.6320346,0,24.02759804,586.7077606,22.64854167,1,24.8
2025-09-04 12:00:00+00:00,559.4833333,251.4760234,0,24.119,685.0923275,23.56,1,24.8
2025-09-04 13:00:00+00:00,498.2123077,250.8834211,0,24.39935484,603.4145789,22.43571429,1,24.8
2025-09-04 14:00:00+00:00,461.8888889,249.1197203,0,24.1,497.7720556,22.99205556,1,24.8
2025-09-04 15:00:00+00:00,657.8269231,131.85,0,24.759375,255.595,22.725,1,24.8
2025-09-04 16:00:00+00:00,467.1435897,49.50961538,0,24.8,64.90435385,22.7964,1,24.8
2025-09-04 17:00:00+00:00,441.0507937,49.07663824,0,24.6,40.47730664,22.11206349,1,24.8
2025-09-04 18:00:00+00:00,437.0353846,49.00740741,0,24.6,1.3271,20.95498182,1,24.8
2025-09-04 19:00:00+00:00,441.24,22.3456044,0,24.5,0.0,19.39958145,1,24.8
2025-09-04 20:00:00+00:00,438.6466346,0.0,0,24.6,0.0,18.5,1,24.8
2025-09-04 21:00:00+00:00,435.3031746,0.0,0,24.6,0.0,18.06,1,24.9
2025-09-04 22:00:00+00:00,444.55,51.28,0,24.4,0.0,18.54,1,24.9
2025-09-04 23:00:00+00:00,444.7534152,48.42022207,0,24.2,0.0,18.84007828,1,24.9
2025-09-05 00:00:00+00:00,447.5333333,48.0,0,24.1,0.0,19.13,1,24.9
2025-09-05 01:00:00+00:00,452.2745536,48.16666667,0,24.0,0.0,17.9,1,24.9
2025-09-05 02:00:00+00:00,458.0,51.86666667,0,24.03548387,0.0,17.92,1,24.9
2025-09-05 03:00:00+00:00,460.9636364,34.86315789,0,23.92857143,0.0,18.6982,1,24.9
2025-09-05 04:00:00+00:00,453.0,55.37727273,0,24.0,0.0,19.40925,1,24.9
2025-09-05 05:00:00+00:00,464.7066667,247.2760234,0,23.71555556,4.063449445,18.16348485,1,24.8
2025-09-05 06:00:00+00:00,515.0166667,250.6565657,0,23.6,10.91732057,17.26600893,1,24.8
2025-09-05 07:00:00+00:00,684.0,245.0,0,24.3,11.01606978,15.904,1,24.7
2025-09-05 08:00:00+00:00,677.7555556,246.4833333,0,24.7,50.36916667,15.92,1,24.7
2025-09-05 09:00:00+00:00,646.6151282,249.494,0,24.694,62.11015385,15.996,1,24.7
2025-09-05 10:00:00+00:00,461.4545455,243.525,0,23.8225,74.71397917,15.8,1,24.7
2025-09-05 11:00:00+00:00,530.9555556,242.28,0,24.23655172,91.84219842,16.775,1,24.8
2025-09-05 12:00:00+00:00,462.2239316,254.7264469,0,23.7,221.2924286,16.76285714,1,24.8
2025-09-05 13:00:00+00:00,453.9067308,243.2583333,0,23.6,137.2164,17.3672,1,24.7
2025-09-05 14:00:00+00:00,447.0,242.6458333,0,23.4,134.9886952,16.81833333,1,24.7
2025-09-05 15:00:00+00:00,488.3857143,0.0,0,23.6,175.4413984,17.8005,1,24.7
2025-09-05 16:00:00+00:00,517.6285714,0.0,0,23.8,66.01861693,18.025,1,24.8
2025-09-05 17:00:00+00:00,548.0,0.0,0,23.9,63.89422571,18.13517949,1,24.8
2025-09-05 18:00:00+00:00,557.5128205,0.0,0,23.86261905,1.622666667,17.62333333,1,24.9
2025-09-05 19:00:00+00:00,564.8238095,0.0,0,23.8,0.0,16.85875,1,25.0
2025-09-05 20:00:00+00:00,552.9111111,0.0,0,24.0,0.0,15.99942857,1,25.0
2025-09-05 21:00:00+00:00,535.76,0.0,0,24.0,0.0,15.3005,1,25.08285714
2025-09-05 22:00:00+00:00,513.2,0.0,0,24.0,0.0,15.0,1,25.2
2025-09-05 23:00:00+00:00,502.9142857,0.0,0,23.8,0.0,14.7,1,25.2
2025-09-06 00:00:00+00:00,492.0,0.0,0,23.8,0.0,14.0975,1,25.2
2025-09-06 01:00:00+00:00,483.0,0.0,0,23.9,0.0,13.7,1,25.2
2025-09-06 02:00:00+00:00,477.3111111,0.0,0,23.7,0.0,13.55333333,1,25.2
2025-09-06 03:00:00+00:00,470.8857143,0.0,0,23.7,0.0,12.98,1,25.1
2025-09-06 04:00:00+00:00,467.2168998,0.0,0,23.7,0.072,12.93314286,1,25.1
2025-09-06 05:00:00+00:00,464.9764706,0.0,0,23.8,13.80620889,12.8,1,25.1
2025-09-06 06:00:00+00:00,459.05,0.0,0,23.8,158.2415,14.2,1,25.0
2025-09-06 07:00:00+00:00,456.0825397,0.0,0,23.7,296.4272727,15.69971429,1,25.0
2025-09-06 08:00:00+00:00,451.3880342,0.0,0,23.7,154.7082222,16.505,1,25.0
2025-09-06 09:00:00+00:00,449.0,0.0,0,23.8,576.0171556,17.138,1,25.0
2025-09-06 10:00:00+00:00,444.98,0.0,0,24.1,146.2884275,17.47633333,1,25.0
2025-09-06 11:00:00+00:00,439.9,0.0,0,24.19272727,758.4835304,18.45114286,1,25.0
2025-09-06 12:00:00+00:00,436.1,0.0,0,24.4,648.8219158,19.16536797,1,25.0
2025-09-06 13:00:00+00:00,432.6272727,0.0,0,24.637,579.9251918,19.248,1,25.1
2025-09-06 14:00:00+00:00,430.3466886,0.0,0,25.19739496,488.1279732,19.32350649,1,25.1
2025-09-06 15:00:00+00:00,429.3566176,0.0,0,25.86436006,363.4313765,19.23081731,1,25.1
2025-09-06 16:00:00+00:00,427.0,0.0,0,26.5,223.6571818,19.02333333,1,25.1
2025-09-06 17:00:00+00:00,426.4688889,0.0,0,26.7,79.4994697,18.75466667,1,25.1
2025-09-06 18:00:00+00:00,426.8112554,0.0,0,26.36863082,1.380856479,17.11555556,1,25.1
2025-09-06 19:00:00+00:00,426.0,0.0,0,26.0,0.0,16.34,1,25.1
2025-09-06 20:00:00+00:00,428.7339367,0.0,0,25.7,0.0,16.01692308,1,25.1
2025-09-06 21:00:00+00:00,431.055,0.0,0,25.5,0.0,16.3,1,25.1
2025-09-06 22:00:00+00:00,438.1349206,0.0,0,25.21923077,0.0,16.2,1,25.11888889
2025-09-06 23:00:00+00:00,446.6285714,0.0,0,25.0,0.0,17.15693182,1,25.2
2025-09-07 00:00:00+00:00,460.2977273,0.0,0,24.8,0.0,17.16422222,1,25.3
2025-09-07 01:00:00+00:00,464.9428571,0.0,0,24.7,0.0,16.75747253,1,25.3
2025-09-07 02:00:00+00:00,468.0,0.0,0,24.68923077,0.0,16.69327273,1,25.3
2025-09-07 03:00:00+00:00,474.8934524,0.0,0,24.6,0.0,16.47772727,1,25.3
2025-09-07 04:00:00+00:00,478.6666667,0.0,0,24.5,0.067943182,15.1,1,25.2
2025-09-07 05:00:00+00:00,477.0597222,0.0,0,24.3,34.27672515,14.97809524,1,25.2
2025-09-07 06:00:00+00:00,473.9019048,0.0,0,24.4,159.1646996,15.19545455,1,25.2
2025-09-07 07:00:00+00:00,461.0066667,0.0,0,24.4,293.9906667,16.4,1,25.2
2025-09-07 08:00:00+00:00,444.0791667,0.0,0,24.5,353.6760768,17.77437607,1,25.2
2025-09-07 09:00:00+00:00,432.0833333,0.0,0,24.5,508.4126667,19.49205556,1,25.2
2025-09-07 10:00:00+00:00,426.4,0.0,0,24.8,589.4756993,19.37482857,1,25.2
2025-09-07 11:00:00+00:00,425.9714286,0.0,0,25.0,629.3731714,19.34785714,1,25.2
2025-09-07 12:00:00+00:00,423.7857143,0.0,0,25.2,635.8473083,19.95363636,1,25.2
2025-09-07 13:00:00+00:00,421.0,0.0,0,25.48571429,559.943022,20.4375,1,25.2
2025-09-07 14:00:00+00:00,419.9727273,0.0,0,26.0,470.5511717,20.22375,1,25.2
2025-09-07 15:00:00+00:00,418.0,0.0,0,26.7,353.4255034,20.79125,1,25.2
2025-09-07 16:00:00+00:00,417.57,0.0,0,27.2,214.2531238,20.60153846,1,25.2
2025-09-07 17:00:00+00:00,420.24,0.0,0,27.368,76.68064286,19.16,1,25.2
2025-09-07 18:00:00+00:00,429.2513709,0.0,0,27.1,0.8134288,17.1,1,25.2
2025-09-07 19:00:00+00:00,427.1221591,0.0,0,26.62671053,0.0,17.495,1,25.2
2025-09-07 20:00:00+00:00,425.5377778,0.0,0,26.46228571,0.0,18.16,1,25.2
2025-09-07 21:00:00+00:00,425.6903846,3.032967033,0,26.12241758,0.0,16.81272727,1,25.2
2025-09-07 22:00:00+00:00,446.9692308,61.06363636,0,25.5,0.0,16.06840909,1,25.2
2025-09-07 23:00:00+00:00,460.7777778,245.5,0,24.80921053,0.0,16.025,1,25.2
2025-09-08 00:00:00+00:00,461.0,246.9230769,0,24.28190476,0.0,16.25428571,1,25.2
2025-09-08 01:00:00+00:00,454.6,252.7027273,0,23.9371131,0.0,16.2,1,25.1
2025-09-08 02:00:00+00:00,456.0,253.9666667,0,23.6,0.0,14.92829692,1,25.0
2025-09-08 03:00:00+00:00,458.0,241.8429961,0,23.3,0.0,14.89,1,25.0
2025-09-08 04:00:00+00:00,459.0,249.7627273,0,23.3,0.0,16.0,1,24.9
2025-09-08 05:00:00+00:00,459.5692308,246.6884615,0,23.3,31.026,15.57431111,1,24.8
2025-09-08 06:00:00+00:00,491.0511111,243.4238636,0,23.3,157.112798,17.69093213,1,24.8
2025-09-08 07:00:00+00:00,598.0412698,248.5056277,0,23.92880952,290.21,18.91,1,24.8
2025-09-08 08:00:00+00:00,566.0,247.1111111,0,23.90842105,503.7273913,20.3225,1,24.8
2025-09-08 09:00:00+00:00,540.4285714,256.71,0,23.88571429,283.935867,20.29159903,1,24.9
2025-09-08 10:00:00+00:00,490.0,251.8068182,0,24.0,339.6635313,20.41309524,1,24.9
2025-09-08 11:00:00+00:00,506.4944444,248.66,0,24.0,636.6766818,21.39933333,1,24.9
2025-09-08 12:00:00+00:00,521.08,245.1368421,0,24.07263158,606.8587193,22.38458333,1,24.9
2025-09-08 13:00:00+00:00,610.2,237.05,0,24.585,547.7114345,20.74833333,1,24.9
2025-09-08 14:00:00+00:00,512.0,246.0,0,24.6,474.4264784,20.98266667,1,24.9
2025-09-08 15:00:00+00:00,477.1,53.23371795,0,25.78857143,344.2049167,21.339,1,24.9
2025-09-08 16:00:00+00:00,456.0,52.45006993,0,26.4,205.4585616,20.98,1,24.8
2025-09-08 17:00:00+00:00,448.8634921,53.32142857,0,26.6,66.90307143,20.65171429,1,24.8
2025-09-08 18:00:00+00:00,452.2857143,50.53214286,0,26.28662857,0.590038647,20.06897436,1,24.8
2025-09-08 19:00:00+00:00,455.8174603,53.75578947,0,25.8,0.0,20.13711111,1,24.8
2025-09-08 20:00:00+00:00,446.787013,0.0,0,25.6,0.0,17.08833333,1,24.8
2025-09-08 21:00:00+00:00,443.0,0.0,0,25.5,0.0,16.97,1,24.872
2025-09-08 22:00:00+00:00,452.9911765,112.9263403,0,25.08151515,0.0,17.45833333,1,24.9
2025-09-08 23:00:00+00:00,469.9406593,251.1649928,0,24.6,0.0,16.66872727,1,24.9
2025-09-09 00:00:00+00:00,465.1415385,246.8741986,0,24.20989899,0.0,17.0855,1,24.8
2025-09-09 01:00:00+00:00,467.0,250.183165,0,23.81333333,0.0,17.19365801,1,24.8
2025-09-09 02:00:00+00:00,471.4809524,248.7675585,0,23.6,0.0,17.32979021,1,24.8
2025-09-09 03:00:00+00:00,475.2857143,164.6461538,0,23.4,0.0,16.87605714,1,24.7
2025-09-09 04:00:00+00:00,474.1,53.09210526,0,23.5,0.0,17.6,1,24.7
2025-09-09 05:00:00+00:00,479.6933333,217.0,0,23.6,10.03750682,18.39,1,24.7
2025-09-09 06:00:00+00:00,507.4304762,240.7022857,0,23.3488,18.43805385,17.1,1,24.7
2025-09-09 07:00:00+00:00,657.2020202,250.5068427,0,24.01192951,124.8239795,19.19275,1,24.7
2025-09-09 08:00:00+00:00,656.8449198,251.2888889,0,24.4,139.5326413,20.17454545,1,24.7
2025-09-09 09:00:00+00:00,560.0507692,250.3662338,0,24.3,160.402381,20.67460317,1,24.7
2025-09-09 10:00:00+00:00,497.3799145,251.740765,0,23.81043478,358.8483211,22.08,1,24.7
2025-09-09 11:00:00+00:00,617.2,243.2727273,0,24.615,169.3992727,21.625,1,24.7
2025-09-09 12:00:00+00:00,504.7414286,252.3495652,0,24.2,421.8610316,22.73652727,1,24.7
2025-09-09 13:00:00+00:00,473.5076923,253.2291667,0,24.0,528.9579167,22.7,1,24.8
2025-09-09 14:00:00+00:00,691.6266667,207.2571429,0,24.87882353,398.6865172,22.94475,1,24.8
2025-09-09 15:00:00+00:00,735.0666667,81.43076923,0,25.72,302.0102412,22.22,1,24.8
2025-09-09 16:00:00+00:00,450.7288445,49.10909091,0,25.9,149.5511234,22.03428571,1,24.8
2025-09-09 17:00:00+00:00,446.4056277,49.3944905,0,25.83051515,20.98558862,21.63555,1,24.8
2025-09-09 18:00:00+00:00,441.4,50.0,0,25.5,0.325516114,20.61676364,1,24.8
2025-09-09 19:00:00+00:00,440.0,38.34782609,0,25.2,0.0,19.8025,1,24.8
2025-09-09 20:00:00+00:00,436.1333333,0.0,0,25.1,0.0,18.05827692,1,24.9
2025-09-09 21:00:00+00:00,435.48,0.0,0,25.1,0.0,17.494,1,25.0
2025-09-09 22:00:00+00:00,444.1714286,48.30769231,0,24.54571429,0.0,17.326,1,25.0
2025-09-09 23:00:00+00:00,448.0,48.33333333,0,24.55030688,0.0,17.57333333,1,25.0
2025-09-10 00:00:00+00:00,447.3272727,48.0,0,24.3,0.0,17.53555556,1,25.0
2025-09-10 01:00:00+00:00,445.1636364,47.54545455,0,24.3,0.0,17.4844,1,25.0
2025-09-10 02:00:00+00:00,444.3063492,50.64727273,0,24.1,0.0,18.04,1,25.0
2025-09-10 03:00:00+00:00,441.0266667,43.175,0,24.0,0.0,17.93026263,1,25.0
2025-09-10 04:00:00+00:00,437.9833333,54.53545455,0,24.1,0.0,18.51714286,1,25.0
2025-09-10 05:00:00+00:00,444.9732143,250.0125,0,23.98680702,16.26635,18.863,1,25.0
2025-09-10 06:00:00+00:00,449.3060897,252.1691138,0,23.73055756,120.2604815,20.20365385,1,24.9
2025-09-10 07:00:00+00:00,469.7662338,251.2221154,0,23.76192308,237.0966389,20.61398077,1,24.9
2025-09-10 08:00:00+00:00,569.7343653,250.6893508,0,24.3,190.7661723,20.79428571,1,24.9
2025-09-10 09:00:00+00:00,578.316165,255.8472301,0,24.40526667,266.8036115,21.54222222,1,24.9
2025-09-10 10:00:00+00:00,555.4633455,247.9409883,0,24.5,196.6883881,22.15142857,1,24.9
2025-09-10 11:00:00+00:00,597.4030769,252.1081489,0,24.56904322,200.6123144,22.17228571,1,24.9
2025-09-10 12:00:00+00:00,652.1052632,249.0970022,0,25.00587572,253.0907948,21.80313725,1,24.9
2025-09-10 13:00:00+00:00,616.6888889,245.6080299,0,25.0,226.175761,21.02285714,1,24.9
2025-09-10 14:00:00+00:00,501.45,169.3059524,0,24.57391304,48.8025087,20.06,1,24.9
2025-09-10 15:00:00+00:00,460.025,47.92986175,0,24.40637205,77.78236163,19.09356643,1,24.9
2025-09-10 16:00:00+00:00,455.6914286,52.76923077,0,24.31802198,19.35707879,19.273,1,25.0
2025-09-10 17:00:00+00:00,453.0,52.11428571,0,24.2,4.700479437,19.8055,1,25.0
2025-09-10 18:00:00+00:00,441.2540404,53.16855835,0,24.1932,0.011111111,19.75039394,1,25.0
2025-09-10 19:00:00+00:00,436.956044,47.75451062,0,24.00358108,0.0,19.69834965,1,25.0
2025-09-10 20:00:00+00:00,430.2,0.0,0,24.2,0.0,18.80171429,1,25.0
2025-09-10 21:00:00+00:00,426.0714286,0.0,0,24.2,0.0,17.9055,1,25.0
2025-09-10 22:00:00+00:00,424.18,0.0,0,24.1,0.0,17.608,1,25.1
2025-09-10 23:00:00+00:00,423.0,0.0,0,24.2,0.0,17.81660714,1,25.2
2025-09-11 00:00:00+00:00,420.8451282,0.0,0,24.2,0.0,17.6983,1,25.2
2025-09-11 01:00:00+00:00,420.805,0.0,0,24.2,0.0,16.9,1,25.2
2025-09-11 02:00:00+00:00,419.8285714,0.0,0,24.2,0.0,16.72672727,1,25.2
2025-09-11 03:00:00+00:00,419.69,6.4,0,24.0,0.0,16.59163462,1,25.2
2025-09-11 04:00:00+00:00,435.8444444,55.03303571,0,23.9,0.0,17.25782115,1,25.2
2025-09-11 05:00:00+00:00,448.7690909,248.0614737,0,23.72720648,5.373642105,15.178,1,25.2
2025-09-11 06:00:00+00:00,468.2135531,246.9502646,0,23.6,50.95732554,15.4,1,25.0
2025-09-11 07:00:00+00:00,519.0384615,248.0277778,0,23.6,125.7072776,15.85681818,1,25.0
2025-09-11 08:00:00+00:00,538.4380952,249.3263158,0,23.897,97.11672412,17.46,1,25.0
2025-09-11 09:00:00+00:00,529.0,261.0,0,23.9,536.2613846,18.8344,1,25.0
2025-09-11 10:00:00+00:00,499.8440476,249.94,0,23.7,558.4154606,20.52,1,25.0
2025-09-11 11:00:00+00:00,554.3330592,247.0358621,0,24.0,582.2483853,20.20279412,1,24.9
2025-09-11 12:00:00+00:00,537.556746,245.0292929,0,23.92203209,354.3559538,21.791,1,24.8
2025-09-11 13:00:00+00:00,491.2355556,251.92,0,23.90190476,674.611161,21.12639286,1,24.8
2025-09-11 14:00:00+00:00,475.5777778,248.7454545,0,23.9,174.838703,20.43114286,1,24.8
2025-09-11 15:00:00+00:00,460.7693452,107.5441176,0,23.72727273,154.4353971,19.31349432,1,24.8
2025-09-11 16:00:00+00:00,457.2935065,54.03571429,0,24.6,163.2163469,19.76246795,1,24.8
2025-09-11 17:00:00+00:00,449.5,52.96780303,0,24.6,12.94371504,18.71178571,1,24.8
2025-09-11 18:00:00+00:00,441.3666667,52.83157895,0,24.7,0.008421053,17.52641558,1,24.8
2025-09-11 19:00:00+00:00,436.8392857,26.23529412,0,24.6,0.0,17.1409375,1,24.8
2025-09-11 20:00:00+00:00,435.4,0.0,0,24.5,0.0,16.28,1,24.9
2025-09-11 21:00:00+00:00,432.4285714,0.0,0,24.4,0.0,14.73083333,1,25.0
2025-09-11 22:00:00+00:00,430.96,0.0,0,24.3,0.0,14.57666667,1,25.0
2025-09-11 23:00:00+00:00,430.0166667,0.0,0,24.1,0.0,14.19833333,1,25.0
2025-09-12 00:00:00+00:00,429.0,0.0,0,24.2,0.0,14.29090909,1,25.0
2025-09-12 01:00:00+00:00,428.0,0.0,0,24.0,0.0,14.0,1,25.1
2025-09-12 02:00:00+00:00,426.0,0.0,0,23.9,0.0,14.26875,1,25.1
2025-09-12 03:00:00+00:00,421.0,0.0,0,23.9,0.0,14.58818182,1,25.1
2025-09-12 04:00:00+00:00,427.375,53.68,0,23.88444444,0.0,14.8,1,25.1
2025-09-12 05:00:00+00:00,436.26,255.2666667,0,23.52254545,12.63254545,14.244,1,25.00915789
2025-09-12 06:00:00+00:00,444.4285714,250.6036364,0,23.4,136.9284045,15.18836364,1,24.96777328
2025-09-12 07:00:00+00:00,465.8412698,253.4177778,0,23.3,265.2848333,15.558,1,24.9
2025-09-12 08:00:00+00:00,467.847619,251.9794872,0,23.30615385,138.3738762,16.76644444,1,24.9
2025-09-12 09:00:00+00:00,471.0,249.0,0,23.6,273.6911166,17.43939394,1,24.9
2025-09-12 10:00:00+00:00,437.26875,248.7277778,0,23.5,162.5599714,18.46111111,1,24.9
2025-09-12 11:00:00+00:00,561.3406593,249.5403978,0,24.0,201.7695681,18.32455944,1,24.9
2025-09-12 12:00:00+00:00,461.8888889,255.5,0,23.7,703.0913333,18.55008333,1,24.8
2025-09-12 13:00:00+00:00,484.4181818,249.7842857,0,23.5,216.5431416,19.4,1,24.8
2025-09-12 14:00:00+00:00,417.2111111,240.5791111,0,23.4,98.61384,17.52,1,24.8
2025-09-12 15:00:00+00:00,433.3694444,0.0,0,24.105,128.4751212,17.12144231,1,24.8
2025-09-12 16:00:00+00:00,441.9493967,0.0,0,24.3,21.89010886,13.07916667,1,24.8
2025-09-12 17:00:00+00:00,424.6666667,0.0,0,24.51363636,47.07926708,13.755,1,24.8
2025-09-12 18:00:00+00:00,413.9818182,0.0,0,24.32230769,0.163333333,12.8,1,24.8
2025-09-12 19:00:00+00:00,411.3111111,0.0,0,24.3,0.0,13.09488889,1,24.8
2025-09-12 20:00:00+00:00,410.3777778,0.0,0,24.2,0.0,12.6,1,24.9
2025-09-12 21:00:00+00:00,409.5428571,0.0,0,24.1,0.0,12.20888889,1,24.9
2025-09-12 22:00:00+00:00,409.1951735,0.0,0,24.0,0.0,12.11094697,1,24.9
2025-09-12 23:00:00+00:00,408.8,0.0,0,23.9,0.0,11.894,1,24.9
2025-09-13 00:00:00+00:00,407.0,0.0,0,23.7,0.0,11.7,1,24.9
2025-09-13 01:00:00+00:00,406.0,0.0,0,23.8,0.0,12.3,1,24.9
2025-09-13 02:00:00+00:00,404.0409524,0.0,0,23.7,0.0,11.86474359,1,24.9
2025-09-13 03:00:00+00:00,403.0,0.0,0,23.5,0.0,12.006,1,24.9
2025-09-13 04:00:00+00:00,402.1367521,0.0,0,23.5,0.0,12.8,1,24.9
2025-09-13 05:00:00+00:00,399.8822222,0.0,0,23.6,17.91784444,13.53377778,1,24.9
2025-09-13 06:00:00+00:00,397.0,0.0,0,23.6,130.9061803,15.08713846,1,24.9
2025-09-13 07:00:00+00:00,395.0,0.0,0,23.7,262.2556667,16.22,1,24.9
2025-09-13 08:00:00+00:00,390.4,0.0,0,23.8,383.624803,17.24271429,1,24.9
2025-09-13 09:00:00+00:00,390.0,0.0,0,24.0,340.2837778,17.891,1,24.9
2025-09-13 10:00:00+00:00,393.0181818,0.0,0,24.09769231,536.4519437,18.11746032,1,24.9
2025-09-13 11:00:00+00:00,393.0,0.0,0,24.4,515.3473214,18.85,1,24.9
2025-09-13 12:00:00+00:00,392.84,0.0,0,24.6,584.0891594,19.12,1,25.0
2025-09-13 13:00:00+00:00,390.5777778,0.0,0,24.74,460.0700384,18.88584615,1,25.0
2025-09-13 14:00:00+00:00,390.0333333,0.0,0,24.8,113.2961,18.135,1,25.0
2025-09-13 15:00:00+00:00,388.64,0.0,0,24.8,106.3090952,17.71142857,1,25.0
2025-09-13 16:00:00+00:00,388.0,0.0,0,24.8,31.57739267,17.08733333,1,25.0
2025-09-13 17:00:00+00:00,386.9120629,0.0,0,24.7,12.34299327,15.10138462,1,25.0
2025-09-13 18:00:00+00:00,389.1342657,0.0,0,24.6,0.004,14.86422222,1,25.0
2025-09-13 19:00:00+00:00,388.2333333,0.0,0,24.5,0.0,14.35380952,1,25.0
2025-09-13 20:00:00+00:00,386.0,0.0,0,24.4,0.0,14.2,1,25.0
2025-09-13 21:00:00+00:00,387.8571429,0.0,0,24.3,0.0,13.90833333,1,25.0
2025-09-13 22:00:00+00:00,388.4,0.0,0,24.2,0.0,14.00033333,1,25.0
2025-09-13 23:00:00+00:00,387.0,0.0,0,24.3,0.0,14.4,1,25.2
2025-09-14 00:00:00+00:00,384.0147059,0.0,0,24.2,0.0,14.63794143,1,25.2
2025-09-14 01:00:00+00:00,384.0,0.0,0,24.0,0.0,14.9425,1,25.3
2025-09-14 02:00:00+00:00,381.95,0.0,0,24.1,0.0,15.565,1,25.3
2025-09-14 03:00:00+00:00,400.485,0.0,0,24.1,0.0,15.9,1,25.3
2025-09-14 04:00:00+00:00,400.4952381,0.0,0,23.9,0.0,16.3,1,25.3
2025-09-14 05:00:00+00:00,399.75625,0.0,0,23.9,5.780916353,15.8,1,25.2
2025-09-14 06:00:00+00:00,398.1607143,0.0,0,24.1,22.11774545,15.77,1,25.2
2025-09-14 07:00:00+00:00,399.0,0.0,0,23.9,60.75867002,13.5229508,1,25.2
2025-09-14 08:00:00+00:00,400.3833333,0.0,0,24.1,22.13741172,13.40794872,1,25.2
2025-09-14 09:00:00+00:00,402.4842105,0.0,0,24.09703571,37.52829722,13.40276768,1,25.2
2025-09-14 10:00:00+00:00,400.7727273,0.0,0,24.0,523.689125,15.3339375,1,25.2
2025-09-14 11:00:00+00:00,399.0333333,0.0,0,24.3,204.1681498,16.3,1,25.1
2025-09-14 12:00:00+00:00,398.0363636,0.0,0,24.39789474,445.0422338,15.976,1,25.1
2025-09-14 13:00:00+00:00,395.3428571,0.0,0,24.5,507.4636795,17.74066667,1,25.1
2025-09-14 14:00:00+00:00,397.0,0.0,0,24.75092593,208.4741389,17.095,1,25.1
2025-09-14 15:00:00+00:00,400.0,0.0,0,25.5,150.8185227,17.15,1,25.1
2025-09-14 16:00:00+00:00,403.0454545,0.0,0,26.03333333,156.7611905,16.49035714,1,25.1
2025-09-14 17:00:00+00:00,408.2175824,0.0,0,25.93272727,28.92478788,15.54783883,1,25.1
2025-09-14 18:00:00+00:00,410.6380952,0.0,0,25.6,0.0,14.1087,1,25.1
2025-09-14 19:00:00+00:00,412.1585434,0.0,0,25.4,0.0,13.26944012,1,25.1
2025-09-14 20:00:00+00:00,411.9541667,0.0,0,25.1,0.0,12.490875,1,25.0
2025-09-14 21:00:00+00:00,414.9846154,2.972649573,0,24.9,0.0,12.50377778,1,25.0
