date,hour,qv_mean,qv_min,qv_max,qv_median
2025-05-01 00:00:00+00:00,0,0.0,0.0,0.0,0.0
2025-05-01 00:00:00+00:00,1,0.0,0.0,0.0,0.0
2025-05-01 00:00:00+00:00,2,0.0,0.0,0.0,0.0
2025-05-01 00:00:00+00:00,3,51.2215351175,35.51086957,56.77879655,56.298237175
2025-05-01 00:00:00+00:00,4,161.28273289999998,81.641173,237.1422397,163.17375945
2025-05-01 00:00:00+00:00,5,266.88249505,265.0411703,268.4206793,267.0340653
2025-05-01 00:00:00+00:00,6,266.76536365,263.8172058,269.2884226,266.9779131
2025-05-01 00:00:00+00:00,7,267.391661425,265.2691297,268.1978029,268.04985654999996
2025-05-01 00:00:00+00:00,8,270.697951825,267.9491483,272.5915599,271.12554954999996
2025-05-01 00:00:00+00:00,9,244.973591475,237.405526,255.1841519,243.652344
2025-05-01 00:00:00+00:00,10,225.7668847,222.4943506,231.5458628,224.5136627
2025-05-01 00:00:00+00:00,11,223.80626855,221.0465786,227.5184848,223.3300054
2025-05-01 00:00:00+00:00,12,225.05873755,223.7918898,227.1256323,224.65871405000001
2025-05-01 00:00:00+00:00,13,239.00965424999998,223.5906734,258.3145729,237.06668535
2025-05-01 00:00:00+00:00,14,266.23029055,264.3135976,267.0366022,266.7854812
2025-05-01 00:00:00+00:00,15,56.412812695,51.00793651,72.26184764,51.190733315
2025-05-01 00:00:00+00:00,16,51.239399320000004,50.72130542,52.12839407,51.053948895000005
2025-05-01 00:00:00+00:00,17,51.183140925,50.96448724,51.4805401,51.143768179999995
2025-05-01 00:00:00+00:00,18,2.91936384,0.0,11.67745536,0.0
2025-05-01 00:00:00+00:00,19,0.0,0.0,0.0,0.0
2025-05-01 00:00:00+00:00,20,0.0,0.0,0.0,0.0
2025-05-01 00:00:00+00:00,21,0.0,0.0,0.0,0.0
2025-05-01 00:00:00+00:00,22,0.0,0.0,0.0,0.0
2025-05-01 00:00:00+00:00,23,0.0,0.0,0.0,0.0
2025-05-02 00:00:00+00:00,0,0.0,0.0,0.0,0.0
2025-05-02 00:00:00+00:00,1,0.0,0.0,0.0,0.0
2025-05-02 00:00:00+00:00,2,0.0,0.0,0.0,0.0
2025-05-02 00:00:00+00:00,3,52.84028946,37.3030303,58.16431188,57.94690783
2025-05-02 00:00:00+00:00,4,179.9918520475,83.48603149,266.2718076,185.10478455
2025-05-02 00:00:00+00:00,5,268.47502847500004,264.8658305,271.5012917,268.76649585
2025-05-02 00:00:00+00:00,6,269.59958955,267.6123131,270.9601003,269.9129724
2025-05-02 00:00:00+00:00,7,268.71668550000004,267.9787595,269.9529414,268.46752055
2025-05-02 00:00:00+00:00,8,266.4698177,258.9632669,271.8865334,267.51473525
2025-05-02 00:00:00+00:00,9,242.173660775,227.3599703,253.7068215,243.81392565
2025-05-02 00:00:00+00:00,10,226.38724235,224.8502698,227.461638,226.6185308
2025-05-02 00:00:00+00:00,11,217.67870455000002,209.8000555,223.5029608,218.70590095
2025-05-02 00:00:00+00:00,12,208.017449025,203.8656774,210.765548,208.71928535
2025-05-02 00:00:00+00:00,13,213.0632778,201.8373166,223.1600396,213.6278775
2025-05-02 00:00:00+00:00,14,60.762955865,53.08466093,82.90447794,53.531342295
2025-05-02 00:00:00+00:00,15,53.2502958525,53.08576108,53.45571127,53.229855529999995
2025-05-02 00:00:00+00:00,16,53.378845472500004,53.20427787,53.56501151,53.373046255000006
2025-05-02 00:00:00+00:00,17,53.252529755,52.78878985,53.79086107,53.21523405000001
2025-05-02 00:00:00+00:00,18,4.1129873,0.0,16.4519492,0.0
2025-05-02 00:00:00+00:00,19,0.0,0.0,0.0,0.0
2025-05-02 00:00:00+00:00,20,0.0,0.0,0.0,0.0
2025-05-02 00:00:00+00:00,21,0.0,0.0,0.0,0.0
2025-05-02 00:00:00+00:00,22,0.0,0.0,0.0,0.0
2025-05-02 00:00:00+00:00,23,0.0,0.0,0.0,0.0
2025-05-03 00:00:00+00:00,0,0.0,0.0,0.0,0.0
2025-05-03 00:00:00+00:00,1,0.0,0.0,0.0,0.0
2025-05-03 00:00:00+00:00,2,0.0,0.0,0.0,0.0
2025-05-03 00:00:00+00:00,3,0.0,0.0,0.0,0.0
2025-05-03 00:00:00+00:00,4,0.0,0.0,0.0,0.0
2025-05-03 00:00:00+00:00,5,0.0,0.0,0.0,0.0
2025-05-03 00:00:00+00:00,6,0.0,0.0,0.0,0.0
2025-05-03 00:00:00+00:00,7,0.0,0.0,0.0,0.0
2025-05-03 00:00:00+00:00,8,0.0,0.0,0.0,0.0
2025-05-03 00:00:00+00:00,9,0.0,0.0,0.0,0.0
2025-05-03 00:00:00+00:00,10,0.0,0.0,0.0,0.0
2025-05-03 00:00:00+00:00,11,0.0,0.0,0.0,0.0
2025-05-03 00:00:00+00:00,12,0.0,0.0,0.0,0.0
2025-05-03 00:00:00+00:00,13,0.0,0.0,0.0,0.0
2025-05-03 00:00:00+00:00,14,0.0,0.0,0.0,0.0
2025-05-03 00:00:00+00:00,15,0.0,0.0,0.0,0.0
2025-05-03 00:00:00+00:00,16,0.0,0.0,0.0,0.0
2025-05-03 00:00:00+00:00,17,0.0,0.0,0.0,0.0
2025-05-03 00:00:00+00:00,18,0.0,0.0,0.0,0.0
2025-05-03 00:00:00+00:00,19,0.0,0.0,0.0,0.0
2025-05-03 00:00:00+00:00,20,0.0,0.0,0.0,0.0
2025-05-03 00:00:00+00:00,21,0.0,0.0,0.0,0.0
2025-05-03 00:00:00+00:00,22,0.0,0.0,0.0,0.0
2025-05-03 00:00:00+00:00,23,0.0,0.0,0.0,0.0
2025-05-04 00:00:00+00:00,0,0.0,0.0,0.0,0.0
2025-05-04 00:00:00+00:00,1,0.0,0.0,0.0,0.0
2025-05-04 00:00:00+00:00,2,0.0,0.0,0.0,0.0
2025-05-04 00:00:00+00:00,3,0.0,0.0,0.0,0.0
2025-05-04 00:00:00+00:00,4,0.0,0.0,0.0,0.0
2025-05-04 00:00:00+00:00,5,0.0,0.0,0.0,0.0
2025-05-04 00:00:00+00:00,6,0.0,0.0,0.0,0.0
2025-05-04 00:00:00+00:00,7,0.0,0.0,0.0,0.0
2025-05-04 00:00:00+00:00,8,0.0,0.0,0.0,0.0
2025-05-04 00:00:00+00:00,9,0.0,0.0,0.0,0.0
2025-05-04 00:00:00+00:00,10,0.0,0.0,0.0,0.0
2025-05-04 00:00:00+00:00,11,0.0,0.0,0.0,0.0
2025-05-04 00:00:00+00:00,12,0.0,0.0,0.0,0.0
2025-05-04 00:00:00+00:00,13,0.0,0.0,0.0,0.0
2025-05-04 00:00:00+00:00,14,0.0,0.0,0.0,0.0
2025-05-04 00:00:00+00:00,15,0.0,0.0,0.0,0.0
2025-05-04 00:00:00+00:00,16,0.0,0.0,0.0,0.0
2025-05-04 00:00:00+00:00,17,0.0,0.0,0.0,0.0
2025-05-04 00:00:00+00:00,18,0.0,0.0,0.0,0.0
2025-05-04 00:00:00+00:00,19,0.0,0.0,0.0,0.0
2025-05-04 00:00:00+00:00,20,0.0,0.0,0.0,0.0
2025-05-04 00:00:00+00:00,21,0.0,0.0,0.0,0.0
2025-05-04 00:00:00+00:00,22,0.0,0.0,0.0,0.0
2025-05-04 00:00:00+00:00,23,0.0,0.0,0.0,0.0
2025-05-05 00:00:00+00:00,0,0.0,0.0,0.0,0.0
2025-05-05 00:00:00+00:00,1,0.0,0.0,0.0,0.0
2025-05-05 00:00:00+00:00,2,0.0,0.0,0.0,0.0
2025-05-05 00:00:00+00:00,3,0.0,0.0,0.0,0.0
2025-05-05 00:00:00+00:00,4,0.0,0.0,0.0,0.0
2025-05-05 00:00:00+00:00,5,132.3093024475,0.0,289.5888712,119.82416929499999
2025-05-05 00:00:00+00:00,6,266.98398895,264.0397888,270.4712658,266.7124506
2025-05-05 00:00:00+00:00,7,238.348481225,193.5045768,264.9477534,247.47079735
2025-05-05 00:00:00+00:00,8,169.534145575,150.3042115,197.5060642,165.1631533
2025-05-05 00:00:00+00:00,9,147.941545075,144.998186,153.3971388,146.68542775
2025-05-05 00:00:00+00:00,10,167.910675475,155.8136921,181.6292645,167.09987265
2025-05-05 00:00:00+00:00,11,205.943323175,191.1769418,220.5969308,205.99971004999998
2025-05-05 00:00:00+00:00,12,229.63698725,218.9691384,238.9617032,230.3085537
2025-05-05 00:00:00+00:00,13,256.354269175,244.3212185,267.69098,256.7024391
2025-05-05 00:00:00+00:00,14,89.06136486,56.72366707,104.6563259,97.432733235
2025-05-05 00:00:00+00:00,15,84.28189471499999,52.50182492,122.8062581,80.90974792
2025-05-05 00:00:00+00:00,16,51.61990346,50.94737743,52.33905499,51.59659071
2025-05-05 00:00:00+00:00,17,52.0821175575,51.86968328,52.22599206,52.116397445000004
2025-05-05 00:00:00+00:00,18,3.35375937,0.0,13.41503748,0.0
2025-05-05 00:00:00+00:00,19,0.0,0.0,0.0,0.0
2025-05-05 00:00:00+00:00,20,0.0,0.0,0.0,0.0
2025-05-05 00:00:00+00:00,21,0.0,0.0,0.0,0.0
2025-05-05 00:00:00+00:00,22,0.0,0.0,0.0,0.0
2025-05-05 00:00:00+00:00,23,0.0,0.0,0.0,0.0
2025-05-06 00:00:00+00:00,0,0.0,0.0,0.0,0.0
2025-05-06 00:00:00+00:00,1,0.0,0.0,0.0,0.0
2025-05-06 00:00:00+00:00,2,0.0,0.0,0.0,0.0
2025-05-06 00:00:00+00:00,3,50.15776041,45.60010711,51.90699005,51.56197224
2025-05-06 00:00:00+00:00,4,111.85043003999999,65.97707199,156.7811052,112.321771485
2025-05-06 00:00:00+00:00,5,207.557596025,182.0712593,235.8933333,206.13289575
2025-05-06 00:00:00+00:00,6,264.0749148,249.8285128,273.563216,266.45396519999997
2025-05-06 00:00:00+00:00,7,271.676827525,269.6966098,273.6928543,271.65892299999996
2025-05-06 00:00:00+00:00,8,268.94988197500004,266.4654472,274.1405423,267.59676920000004
2025-05-06 00:00:00+00:00,9,266.495151325,265.0586081,267.6711084,266.6254444
2025-05-06 00:00:00+00:00,10,264.25614365,259.8032911,270.0662002,263.57754165
2025-05-06 00:00:00+00:00,11,274.001429475,269.5955219,276.280017,275.0650895
2025-05-06 00:00:00+00:00,12,274.420281175,271.5538267,277.6469421,274.24017795
2025-05-06 00:00:00+00:00,13,270.935680025,268.2990916,273.4500486,270.99678995
2025-05-06 00:00:00+00:00,14,82.3236538025,51.84578544,102.2818704,87.583479685
2025-05-06 00:00:00+00:00,15,51.943363075,51.86150547,52.0783046,51.916821115
2025-05-06 00:00:00+00:00,16,51.5320309025,50.83749316,52.05078431,51.61992307
2025-05-06 00:00:00+00:00,17,51.77007132,50.84918637,52.48150178,51.874798565000006
2025-05-06 00:00:00+00:00,18,5.433772875,0.0,21.7350915,0.0
2025-05-06 00:00:00+00:00,19,0.0,0.0,0.0,0.0
2025-05-06 00:00:00+00:00,20,0.0,0.0,0.0,0.0
2025-05-06 00:00:00+00:00,21,0.0,0.0,0.0,0.0
2025-05-06 00:00:00+00:00,22,0.0,0.0,0.0,0.0
2025-05-06 00:00:00+00:00,23,0.0,0.0,0.0,0.0
2025-05-07 00:00:00+00:00,0,0.0,0.0,0.0,0.0
2025-05-07 00:00:00+00:00,1,0.0,0.0,0.0,0.0
2025-05-07 00:00:00+00:00,2,0.0,0.0,0.0,0.0
2025-05-07 00:00:00+00:00,3,48.291255915,24.62367725,56.34447375,56.09843633
2025-05-07 00:00:00+00:00,4,125.4853676875,68.36816755,180.182519,126.69539209999999
2025-05-07 00:00:00+00:00,5,237.62140697499999,208.9585397,264.3127103,238.60718895
2025-05-07 00:00:00+00:00,6,269.17309305000003,266.9045069,270.7972121,269.4953266
2025-05-07 00:00:00+00:00,7,270.129028825,267.8890783,272.4063053,270.11036585
2025-05-07 00:00:00+00:00,8,266.181875575,265.3382309,266.8177778,266.28574679999997
2025-05-07 00:00:00+00:00,9,267.681086575,264.1807578,271.6337662,267.45491115000004
2025-05-07 00:00:00+00:00,10,265.30432155,261.7824837,267.5930272,265.92088765
2025-05-07 00:00:00+00:00,11,272.297134625,269.3993502,273.6544037,273.0673923
2025-05-07 00:00:00+00:00,12,273.938846575,269.6097667,282.2637121,271.94095375
2025-05-07 00:00:00+00:00,13,271.960720425,266.7702307,275.1313929,272.97062905
2025-05-07 00:00:00+00:00,14,66.67267791,53.99208285,103.1615184,54.768555195000005
2025-05-07 00:00:00+00:00,15,53.9924103325,53.43511745,54.61210707,53.961208405
2025-05-07 00:00:00+00:00,16,54.282371850000004,53.84335888,54.81753968,54.23429442
2025-05-07 00:00:00+00:00,17,54.3743863425,53.60380303,54.93107993,54.481331205000004
2025-05-07 00:00:00+00:00,18,4.0175048725,0.0,16.07001949,0.0
2025-05-07 00:00:00+00:00,19,0.0,0.0,0.0,0.0
2025-05-07 00:00:00+00:00,20,0.0,0.0,0.0,0.0
2025-05-07 00:00:00+00:00,21,0.0,0.0,0.0,0.0
2025-05-07 00:00:00+00:00,22,0.0,0.0,0.0,0.0
2025-05-07 00:00:00+00:00,23,0.0,0.0,0.0,0.0
2025-05-08 00:00:00+00:00,0,0.0,0.0,0.0,0.0
2025-05-08 00:00:00+00:00,1,0.0,0.0,0.0,0.0
2025-05-08 00:00:00+00:00,2,0.0,0.0,0.0,0.0
2025-05-08 00:00:00+00:00,3,48.6228950525,22.14666667,60.62985158,55.85753098
2025-05-08 00:00:00+00:00,4,109.4954620375,63.36148148,157.8106927,108.404836985
2025-05-08 00:00:00+00:00,5,217.2220041,187.1098371,239.9432697,220.9174548
2025-05-08 00:00:00+00:00,6,262.994992875,250.5798246,273.3217437,264.03920159999996
2025-05-08 00:00:00+00:00,7,268.598002075,266.6382256,271.6382287,268.057777
2025-05-08 00:00:00+00:00,8,266.6620056,265.4499293,267.8688126,266.66464025
2025-05-08 00:00:00+00:00,9,266.57760535,259.1005808,271.4435088,267.8831659
2025-05-08 00:00:00+00:00,10,267.254557075,261.3824837,269.9023539,268.86669535
2025-05-08 00:00:00+00:00,11,270.910977625,267.6407568,274.1638868,270.91963345
2025-05-08 00:00:00+00:00,12,269.3049866,265.2109841,275.3021064,268.35342794999997
2025-05-08 00:00:00+00:00,13,268.249113225,265.5505263,271.9498377,267.74804445
2025-05-08 00:00:00+00:00,14,267.140018575,264.4803439,270.8088672,266.6354316
2025-05-08 00:00:00+00:00,15,111.62005405,98.5137037,137.2128543,105.37682910000001
2025-05-08 00:00:00+00:00,16,54.0833727625,53.68228769,54.38611833,54.132542515
2025-05-08 00:00:00+00:00,17,54.27486527,53.35547619,54.72256092,54.510711985
2025-05-08 00:00:00+00:00,18,3.54253374,0.0,14.17013496,0.0
2025-05-08 00:00:00+00:00,19,0.0,0.0,0.0,0.0
2025-05-08 00:00:00+00:00,20,0.0,0.0,0.0,0.0
2025-05-08 00:00:00+00:00,21,0.0,0.0,0.0,0.0
2025-05-08 00:00:00+00:00,22,0.0,0.0,0.0,0.0
2025-05-08 00:00:00+00:00,23,0.0,0.0,0.0,0.0
2025-05-09 00:00:00+00:00,0,0.0,0.0,0.0,0.0
2025-05-09 00:00:00+00:00,1,0.0,0.0,0.0,0.0
2025-05-09 00:00:00+00:00,2,0.0,0.0,0.0,0.0
2025-05-09 00:00:00+00:00,3,48.1330258075,25.31746032,55.99068783,55.61197754
2025-05-09 00:00:00+00:00,4,117.524953915,64.45657596,163.7353417,120.953949
2025-05-09 00:00:00+00:00,5,217.015053575,187.2003968,242.9981726,218.93082245
2025-05-09 00:00:00+00:00,6,261.844581775,252.499015,266.2404089,264.3194516
2025-05-09 00:00:00+00:00,7,265.726521525,264.5461936,266.6644048,265.84774385000003
2025-05-09 00:00:00+00:00,8,265.95777985,264.1662415,269.5896296,265.03762415
2025-05-09 00:00:00+00:00,9,264.679357875,262.6591639,267.7044009,264.17693335
2025-05-09 00:00:00+00:00,10,272.190980025,267.5483854,275.015111,273.10021185
2025-05-09 00:00:00+00:00,11,265.534030725,263.846746,268.2777957,265.00579059999995
2025-05-09 00:00:00+00:00,12,269.679677225,266.9435412,272.6144046,269.58038154999997
2025-05-09 00:00:00+00:00,13,266.49550565,260.0611743,269.9597222,267.98056305
2025-05-09 00:00:00+00:00,14,58.3362044025,51.53619048,78.04571429,51.88145642
2025-05-09 00:00:00+00:00,15,51.5314358725,51.09206349,52.04308356,51.495298219999995
2025-05-09 00:00:00+00:00,16,51.788002555,51.21838969,52.34910394,51.792258294999996
2025-05-09 00:00:00+00:00,17,51.8607389725,51.02307692,52.76553869,51.82717014
2025-05-09 00:00:00+00:00,18,5.5627551025,0.0,22.25102041,0.0
2025-05-09 00:00:00+00:00,19,0.0,0.0,0.0,0.0
2025-05-09 00:00:00+00:00,20,0.0,0.0,0.0,0.0
2025-05-09 00:00:00+00:00,21,0.0,0.0,0.0,0.0
2025-05-09 00:00:00+00:00,22,0.0,0.0,0.0,0.0
2025-05-09 00:00:00+00:00,23,0.0,0.0,0.0,0.0
2025-05-10 00:00:00+00:00,0,0.0,0.0,0.0,0.0
2025-05-10 00:00:00+00:00,1,0.0,0.0,0.0,0.0
2025-05-10 00:00:00+00:00,2,0.0,0.0,0.0,0.0
2025-05-10 00:00:00+00:00,3,0.0,0.0,0.0,0.0
2025-05-10 00:00:00+00:00,4,0.0,0.0,0.0,0.0
2025-05-10 00:00:00+00:00,5,0.0,0.0,0.0,0.0
2025-05-10 00:00:00+00:00,6,0.0,0.0,0.0,0.0
2025-05-10 00:00:00+00:00,7,0.0,0.0,0.0,0.0
2025-05-10 00:00:00+00:00,8,0.0,0.0,0.0,0.0
2025-05-10 00:00:00+00:00,9,0.0,0.0,0.0,0.0
2025-05-10 00:00:00+00:00,10,0.0,0.0,0.0,0.0
2025-05-10 00:00:00+00:00,11,0.0,0.0,0.0,0.0
2025-05-10 00:00:00+00:00,12,0.0,0.0,0.0,0.0
2025-05-10 00:00:00+00:00,13,0.0,0.0,0.0,0.0
2025-05-10 00:00:00+00:00,14,0.0,0.0,0.0,0.0
2025-05-10 00:00:00+00:00,15,0.0,0.0,0.0,0.0
2025-05-10 00:00:00+00:00,16,0.0,0.0,0.0,0.0
2025-05-10 00:00:00+00:00,17,0.0,0.0,0.0,0.0
2025-05-10 00:00:00+00:00,18,0.0,0.0,0.0,0.0
2025-05-10 00:00:00+00:00,19,0.0,0.0,0.0,0.0
2025-05-10 00:00:00+00:00,20,0.0,0.0,0.0,0.0
2025-05-10 00:00:00+00:00,21,0.0,0.0,0.0,0.0
2025-05-10 00:00:00+00:00,22,0.0,0.0,0.0,0.0
2025-05-10 00:00:00+00:00,23,0.0,0.0,0.0,0.0
2025-05-11 00:00:00+00:00,0,0.0,0.0,0.0,0.0
2025-05-11 00:00:00+00:00,1,0.0,0.0,0.0,0.0
2025-05-11 00:00:00+00:00,2,0.0,0.0,0.0,0.0
2025-05-11 00:00:00+00:00,3,0.0,0.0,0.0,0.0
2025-05-11 00:00:00+00:00,4,0.0,0.0,0.0,0.0
2025-05-11 00:00:00+00:00,5,0.0,0.0,0.0,0.0
2025-05-11 00:00:00+00:00,6,0.0,0.0,0.0,0.0
2025-05-11 00:00:00+00:00,7,0.0,0.0,0.0,0.0
2025-05-11 00:00:00+00:00,8,0.0,0.0,0.0,0.0
2025-05-11 00:00:00+00:00,9,0.0,0.0,0.0,0.0
2025-05-11 00:00:00+00:00,10,0.0,0.0,0.0,0.0
2025-05-11 00:00:00+00:00,11,0.0,0.0,0.0,0.0
2025-05-11 00:00:00+00:00,12,0.0,0.0,0.0,0.0
2025-05-11 00:00:00+00:00,13,0.0,0.0,0.0,0.0
2025-05-11 00:00:00+00:00,14,0.0,0.0,0.0,0.0
2025-05-11 00:00:00+00:00,15,0.0,0.0,0.0,0.0
2025-05-11 00:00:00+00:00,16,0.0,0.0,0.0,0.0
2025-05-11 00:00:00+00:00,17,0.0,0.0,0.0,0.0
2025-05-11 00:00:00+00:00,18,0.0,0.0,0.0,0.0
2025-05-11 00:00:00+00:00,19,0.0,0.0,0.0,0.0
2025-05-11 00:00:00+00:00,20,0.0,0.0,0.0,0.0
2025-05-11 00:00:00+00:00,21,0.0,0.0,0.0,0.0
2025-05-11 00:00:00+00:00,22,0.0,0.0,0.0,0.0
2025-05-11 00:00:00+00:00,23,0.0,0.0,0.0,0.0
2025-05-12 00:00:00+00:00,0,0.0,0.0,0.0,0.0
2025-05-12 00:00:00+00:00,1,0.0,0.0,0.0,0.0
2025-05-12 00:00:00+00:00,2,0.0,0.0,0.0,0.0
2025-05-12 00:00:00+00:00,3,208.97740559,44.04451346,264.3838997,263.7406046
2025-05-12 00:00:00+00:00,4,265.49270465,264.0374182,266.5945731,265.66941365
2025-05-12 00:00:00+00:00,5,267.61536965,265.8543124,270.0486999,267.27923315
2025-05-12 00:00:00+00:00,6,269.8736881,266.8824266,272.6516667,269.98032954999996
2025-05-12 00:00:00+00:00,7,268.369576325,266.4142326,269.3699226,268.84707505
2025-05-12 00:00:00+00:00,8,268.006600525,267.4466087,268.8340229,267.87288524999997
2025-05-12 00:00:00+00:00,9,266.503661475,262.3373925,271.2982407,266.18950635
2025-05-12 00:00:00+00:00,10,270.8829766,265.4722326,274.3439039,271.85788494999997
2025-05-12 00:00:00+00:00,11,264.9069097,264.062721,266.1495837,264.70766705
2025-05-12 00:00:00+00:00,12,268.755628775,263.3867338,273.1022603,269.26676050000003
2025-05-12 00:00:00+00:00,13,267.154922575,263.9718412,270.2137398,267.21705465
2025-05-12 00:00:00+00:00,14,122.397114405,94.87546382,149.8349259,122.43903395000001
2025-05-12 00:00:00+00:00,15,54.6323438375,54.43166401,54.76753247,54.665089435
2025-05-12 00:00:00+00:00,16,54.676292495,54.11033154,55.31006282,54.64238781
2025-05-12 00:00:00+00:00,17,54.6867058575,54.2132781,55.14604289,54.693751219999996
2025-05-12 00:00:00+00:00,18,3.3801774325,0.0,13.52070973,0.0
2025-05-12 00:00:00+00:00,19,0.0,0.0,0.0,0.0
2025-05-12 00:00:00+00:00,20,0.0,0.0,0.0,0.0
2025-05-12 00:00:00+00:00,21,0.0,0.0,0.0,0.0
2025-05-12 00:00:00+00:00,22,0.0,0.0,0.0,0.0
2025-05-12 00:00:00+00:00,23,0.0,0.0,0.0,0.0
2025-05-13 00:00:00+00:00,0,0.0,0.0,0.0,0.0
2025-05-13 00:00:00+00:00,1,0.0,0.0,0.0,0.0
2025-05-13 00:00:00+00:00,2,0.0,0.0,0.0,0.0
2025-05-13 00:00:00+00:00,3,45.5343445725,25.31829574,52.4871986,52.165941974999996
2025-05-13 00:00:00+00:00,4,135.09250341249998,68.12264015,203.2974257,134.4749739
2025-05-13 00:00:00+00:00,5,261.93971955,245.4151897,271.2858009,265.5289438
2025-05-13 00:00:00+00:00,6,269.5422217,263.8560784,274.8616723,269.72556805
2025-05-13 00:00:00+00:00,7,267.041246125,266.2495059,268.5417895,266.68684455
2025-05-13 00:00:00+00:00,8,267.95313369999997,263.4935897,271.7643271,268.277309
2025-05-13 00:00:00+00:00,9,265.30885995,263.2896209,268.6923476,264.62673565
2025-05-13 00:00:00+00:00,10,265.955713475,263.282895,269.9572384,265.29136025
2025-05-13 00:00:00+00:00,11,269.728366175,266.9029582,271.7488889,270.1308088
2025-05-13 00:00:00+00:00,12,268.8942231,262.8751716,271.7940504,270.4538352
2025-05-13 00:00:00+00:00,13,266.41366825,262.1735315,271.1004226,266.19035944999996
2025-05-13 00:00:00+00:00,14,59.4271415025,53.43428571,75.62559499,54.324342654999995
2025-05-13 00:00:00+00:00,15,53.5192184625,53.02063217,54.46701147,53.294615105
2025-05-13 00:00:00+00:00,16,53.8710909025,53.70959436,54.03824675,53.86826125
2025-05-13 00:00:00+00:00,17,53.6702371175,52.89740741,54.25388889,53.764826085
2025-05-13 00:00:00+00:00,18,3.7963345295,0.0,13.69722623,0.744055944
2025-05-13 00:00:00+00:00,19,0.0,0.0,0.0,0.0
2025-05-13 00:00:00+00:00,20,0.0,0.0,0.0,0.0
2025-05-13 00:00:00+00:00,21,0.0,0.0,0.0,0.0
2025-05-13 00:00:00+00:00,22,0.0,0.0,0.0,0.0
2025-05-13 00:00:00+00:00,23,0.0,0.0,0.0,0.0
2025-05-14 00:00:00+00:00,0,0.0,0.0,0.0,0.0
2025-05-14 00:00:00+00:00,1,0.0,0.0,0.0,0.0
2025-05-14 00:00:00+00:00,2,0.0,0.0,0.0,0.0
2025-05-14 00:00:00+00:00,3,44.06577448,16.65420875,53.48180135,53.06354391
2025-05-14 00:00:00+00:00,4,182.2359168875,78.89935185,265.7374567,192.15342950000002
2025-05-14 00:00:00+00:00,5,267.6723416,264.4751085,271.8984813,267.15788829999997
2025-05-14 00:00:00+00:00,6,265.53314515,263.3332815,268.23301,265.28314455
2025-05-14 00:00:00+00:00,7,268.9469967,262.5241342,274.6222222,269.32081519999997
2025-05-14 00:00:00+00:00,8,270.502768825,265.8529412,274.69849,270.72982205
2025-05-14 00:00:00+00:00,9,267.857352725,266.4366959,270.2949957,267.34885965
2025-05-14 00:00:00+00:00,10,272.46095435,267.6099567,275.9769276,273.12846655
2025-05-14 00:00:00+00:00,11,267.901906975,259.2212862,279.0216782,266.68233175
2025-05-14 00:00:00+00:00,12,270.89886835,266.9173155,273.5746753,271.5517413
2025-05-14 00:00:00+00:00,13,274.71470895,271.6927778,278.3084014,274.4288283
2025-05-14 00:00:00+00:00,14,72.27880809,54.10028986,124.3571593,55.3288916
2025-05-14 00:00:00+00:00,15,55.4937335675,55.19718615,55.75726665,55.510240735
2025-05-14 00:00:00+00:00,16,54.8487548675,54.14211449,55.35031746,54.95129376
2025-05-14 00:00:00+00:00,17,55.7284372475,54.32502507,56.49774407,56.045489925
2025-05-14 00:00:00+00:00,18,5.208112875,0.0,20.8324515,0.0
2025-05-14 00:00:00+00:00,19,0.0,0.0,0.0,0.0
2025-05-14 00:00:00+00:00,20,0.0,0.0,0.0,0.0
2025-05-14 00:00:00+00:00,21,0.0,0.0,0.0,0.0
2025-05-14 00:00:00+00:00,22,0.0,0.0,0.0,0.0
2025-05-14 00:00:00+00:00,23,0.0,0.0,0.0,0.0
2025-05-15 00:00:00+00:00,0,0.0,0.0,0.0,0.0
2025-05-15 00:00:00+00:00,1,0.0,0.0,0.0,0.0
2025-05-15 00:00:00+00:00,2,0.0,0.0,0.0,0.0
2025-05-15 00:00:00+00:00,3,39.75892431575,5.883116883,52.51040006,50.32109016
2025-05-15 00:00:00+00:00,4,78.55473114,55.83391569,99.95627892,79.214364975
2025-05-15 00:00:00+00:00,5,122.457287675,109.0998377,133.5408892,123.5942119
2025-05-15 00:00:00+00:00,6,137.6016776,132.7078431,151.7508357,132.9740158
2025-05-15 00:00:00+00:00,7,212.383447225,171.596489,256.8601817,210.5385591
2025-05-15 00:00:00+00:00,8,267.730390775,263.6472923,272.8725954,267.20083769999997
2025-05-15 00:00:00+00:00,9,262.06954205,257.3712528,267.8085591,261.54917815
2025-05-15 00:00:00+00:00,10,264.939437025,260.4005387,269.0459316,265.1556389
2025-05-15 00:00:00+00:00,11,266.843078275,264.6063274,268.6156929,267.0751464
2025-05-15 00:00:00+00:00,12,264.08338985,255.4503205,270.7950758,265.04408155
2025-05-15 00:00:00+00:00,13,269.49175,267.4003504,271.6344623,269.46609365
2025-05-15 00:00:00+00:00,14,271.7722665,263.1842307,275.6578487,274.1234933
2025-05-15 00:00:00+00:00,15,76.424263635,55.84041847,137.4072255,56.224705285
2025-05-15 00:00:00+00:00,16,56.0667003,55.6431746,56.41483254,56.10439703
2025-05-15 00:00:00+00:00,17,54.91321639,53.07655502,56.05572612,55.26029221
2025-05-15 00:00:00+00:00,18,4.125148695,0.0,16.50059478,0.0
2025-05-15 00:00:00+00:00,19,0.0,0.0,0.0,0.0
2025-05-15 00:00:00+00:00,20,0.0,0.0,0.0,0.0
2025-05-15 00:00:00+00:00,21,98.64667209,67.33863636,111.6873192,107.78036639999999
2025-05-15 00:00:00+00:00,22,110.338158825,109.037349,110.9473545,110.6839659
2025-05-15 00:00:00+00:00,23,110.244851225,108.6451746,112.4316603,109.95128500000001
2025-05-16 00:00:00+00:00,0,117.55792790000001,115.2822617,122.8550877,116.0471811
2025-05-16 00:00:00+00:00,1,131.622293925,121.5283243,147.7727243,128.59406355
2025-05-16 00:00:00+00:00,2,164.718893675,152.8452253,177.0489277,164.49071085
2025-05-16 00:00:00+00:00,3,53.15841691,50.70849673,55.35093537,53.28711777
2025-05-16 00:00:00+00:00,4,49.605800405000004,48.758557,50.42564103,49.619501795000005
2025-05-16 00:00:00+00:00,5,55.0809883275,49.38471844,58.66924603,56.13499442
2025-05-16 00:00:00+00:00,6,65.8807552875,57.6090035,77.36375146,64.275133095
2025-05-16 00:00:00+00:00,7,169.662845325,89.7338474,254.1080572,167.40473835
2025-05-16 00:00:00+00:00,8,268.122997575,266.8094223,269.6178737,268.03234714999996
2025-05-16 00:00:00+00:00,9,266.876658825,262.6149383,270.0422837,267.42470664999996
2025-05-16 00:00:00+00:00,10,268.39208759999997,265.6487911,271.4720147,268.2237723
2025-05-16 00:00:00+00:00,11,268.872616775,267.2451689,270.889152,268.6780731
2025-05-16 00:00:00+00:00,12,270.684453075,267.5255556,273.516831,270.84771285
2025-05-16 00:00:00+00:00,13,256.29623175,248.4818577,269.7288481,253.4871106
2025-05-16 00:00:00+00:00,14,71.98203459,52.10804534,130.7469561,52.53656846
2025-05-16 00:00:00+00:00,15,52.482098754999996,52.24886447,52.64976608,52.514882235
2025-05-16 00:00:00+00:00,16,52.6932866675,52.01932669,53.03315087,52.860334554999994
2025-05-16 00:00:00+00:00,17,52.7653070625,52.34496134,53.23896775,52.73864958
2025-05-16 00:00:00+00:00,18,3.2725925925,0.0,13.09037037,0.0
2025-05-16 00:00:00+00:00,19,0.0,0.0,0.0,0.0
2025-05-16 00:00:00+00:00,20,0.0,0.0,0.0,0.0
2025-05-16 00:00:00+00:00,21,0.0,0.0,0.0,0.0
2025-05-16 00:00:00+00:00,22,0.0,0.0,0.0,0.0
2025-05-16 00:00:00+00:00,23,0.0,0.0,0.0,0.0
2025-05-17 00:00:00+00:00,0,0.0,0.0,0.0,0.0
2025-05-17 00:00:00+00:00,1,0.0,0.0,0.0,0.0
2025-05-17 00:00:00+00:00,2,0.0,0.0,0.0,0.0
2025-05-17 00:00:00+00:00,3,0.0,0.0,0.0,0.0
2025-05-17 00:00:00+00:00,4,0.0,0.0,0.0,0.0
2025-05-17 00:00:00+00:00,5,0.0,0.0,0.0,0.0
2025-05-17 00:00:00+00:00,6,0.0,0.0,0.0,0.0
2025-05-17 00:00:00+00:00,7,0.0,0.0,0.0,0.0
2025-05-17 00:00:00+00:00,8,0.0,0.0,0.0,0.0
2025-05-17 00:00:00+00:00,9,0.0,0.0,0.0,0.0
2025-05-17 00:00:00+00:00,10,0.0,0.0,0.0,0.0
2025-05-17 00:00:00+00:00,11,0.0,0.0,0.0,0.0
2025-05-17 00:00:00+00:00,12,0.0,0.0,0.0,0.0
2025-05-17 00:00:00+00:00,13,0.0,0.0,0.0,0.0
2025-05-17 00:00:00+00:00,14,0.0,0.0,0.0,0.0
2025-05-17 00:00:00+00:00,15,0.0,0.0,0.0,0.0
2025-05-17 00:00:00+00:00,16,0.0,0.0,0.0,0.0
2025-05-17 00:00:00+00:00,17,0.0,0.0,0.0,0.0
2025-05-17 00:00:00+00:00,18,0.0,0.0,0.0,0.0
2025-05-17 00:00:00+00:00,19,0.0,0.0,0.0,0.0
2025-05-17 00:00:00+00:00,20,0.0,0.0,0.0,0.0
2025-05-17 00:00:00+00:00,21,0.0,0.0,0.0,0.0
2025-05-17 00:00:00+00:00,22,0.0,0.0,0.0,0.0
2025-05-17 00:00:00+00:00,23,0.0,0.0,0.0,0.0
2025-05-18 00:00:00+00:00,0,0.0,0.0,0.0,0.0
2025-05-18 00:00:00+00:00,1,0.0,0.0,0.0,0.0
2025-05-18 00:00:00+00:00,2,0.0,0.0,0.0,0.0
2025-05-18 00:00:00+00:00,3,0.0,0.0,0.0,0.0
2025-05-18 00:00:00+00:00,4,0.0,0.0,0.0,0.0
2025-05-18 00:00:00+00:00,5,0.0,0.0,0.0,0.0
2025-05-18 00:00:00+00:00,6,0.0,0.0,0.0,0.0
2025-05-18 00:00:00+00:00,7,0.0,0.0,0.0,0.0
2025-05-18 00:00:00+00:00,8,0.0,0.0,0.0,0.0
2025-05-18 00:00:00+00:00,9,0.0,0.0,0.0,0.0
2025-05-18 00:00:00+00:00,10,0.0,0.0,0.0,0.0
2025-05-18 00:00:00+00:00,11,0.0,0.0,0.0,0.0
2025-05-18 00:00:00+00:00,12,0.0,0.0,0.0,0.0
2025-05-18 00:00:00+00:00,13,0.0,0.0,0.0,0.0
2025-05-18 00:00:00+00:00,14,0.0,0.0,0.0,0.0
2025-05-18 00:00:00+00:00,15,0.0,0.0,0.0,0.0
2025-05-18 00:00:00+00:00,16,0.0,0.0,0.0,0.0
2025-05-18 00:00:00+00:00,17,0.0,0.0,0.0,0.0
2025-05-18 00:00:00+00:00,18,0.0,0.0,0.0,0.0
2025-05-18 00:00:00+00:00,19,0.0,0.0,0.0,0.0
2025-05-18 00:00:00+00:00,20,0.0,0.0,0.0,0.0
2025-05-18 00:00:00+00:00,21,90.7299647025,51.13825911,104.7933541,103.4941228
2025-05-18 00:00:00+00:00,22,103.93749700000001,101.7234097,104.7516589,104.6374597
2025-05-18 00:00:00+00:00,23,107.98615165,106.2278184,110.2454522,107.735668
2025-05-19 00:00:00+00:00,0,113.531063725,107.4441444,121.5625476,112.55878145
2025-05-19 00:00:00+00:00,1,122.68700135,121.2350411,123.6464462,122.93325905
2025-05-19 00:00:00+00:00,2,132.4115696,128.3419881,137.8762546,131.71401785
2025-05-19 00:00:00+00:00,3,52.53300952,43.61272054,59.93074693,53.294285305
2025-05-19 00:00:00+00:00,4,53.09063965,52.97732969,53.26121212,53.062008395
2025-05-19 00:00:00+00:00,5,52.97765285,52.40987972,53.29562271,53.102554485
2025-05-19 00:00:00+00:00,6,59.829156760000004,52.34496393,78.38814162,54.291760745000005
2025-05-19 00:00:00+00:00,7,192.52788145,126.7106782,259.0015584,192.1996446
2025-05-19 00:00:00+00:00,8,271.128329675,268.6724895,273.4766667,271.18208125
2025-05-19 00:00:00+00:00,9,269.670645525,265.8565512,272.680126,270.07295245
2025-05-19 00:00:00+00:00,10,268.6116338,263.5898986,273.1460256,268.8553055
2025-05-19 00:00:00+00:00,11,265.841401375,258.6914541,272.3136364,266.1802575
2025-05-19 00:00:00+00:00,12,268.669940425,264.1281746,271.4995365,269.5260253
2025-05-19 00:00:00+00:00,13,274.437396975,268.1925866,278.5151394,275.52093095
2025-05-19 00:00:00+00:00,14,85.98264454,51.61448413,185.9823206,53.166886715000004
2025-05-19 00:00:00+00:00,15,53.7201115825,53.02747551,54.70502239,53.573974215
2025-05-19 00:00:00+00:00,16,54.27093505,53.73778276,54.97535382,54.18530181
2025-05-19 00:00:00+00:00,17,53.541254567500005,53.13450683,53.90095394,53.56477875
2025-05-19 00:00:00+00:00,18,3.0901027075,0.0,12.36041083,0.0
2025-05-19 00:00:00+00:00,19,0.0,0.0,0.0,0.0
2025-05-19 00:00:00+00:00,20,0.0,0.0,0.0,0.0
2025-05-19 00:00:00+00:00,21,89.07795514,47.17333333,106.2919192,101.42328401500001
2025-05-19 00:00:00+00:00,22,105.87577192500001,104.0048341,108.0646846,105.7167845
2025-05-19 00:00:00+00:00,23,108.003613625,105.5302343,109.4273685,108.52842584999999
2025-05-20 00:00:00+00:00,0,114.35902225,107.7002808,118.7789107,115.47844875
2025-05-20 00:00:00+00:00,1,148.44831514999998,132.331416,176.9614159,142.25021435000002
2025-05-20 00:00:00+00:00,2,247.1891571,216.3524957,285.2356741,243.5842293
2025-05-20 00:00:00+00:00,3,54.5760580875,51.83333333,61.50360104,52.48364899
2025-05-20 00:00:00+00:00,4,50.4522416275,49.31790284,51.72943044,50.380816615
2025-05-20 00:00:00+00:00,5,50.7041590375,50.09891607,51.60377668,50.5569717
2025-05-20 00:00:00+00:00,6,53.24118808,52.00444444,54.72740415,53.116451865
2025-05-20 00:00:00+00:00,7,203.752051305,72.12332112,267.6827855,237.6010493
2025-05-20 00:00:00+00:00,8,267.83605795,262.2805326,276.394608,266.33454559999996
2025-05-20 00:00:00+00:00,9,267.664966825,264.0000061,276.9659174,264.84697189999997
2025-05-20 00:00:00+00:00,10,267.8189418,263.7183564,275.019083,266.26916389999997
2025-05-20 00:00:00+00:00,11,264.482599775,261.5381197,267.3472027,264.52253835
2025-05-20 00:00:00+00:00,12,265.93222049999997,258.9934599,274.6678573,265.0337824
2025-05-20 00:00:00+00:00,13,269.9234985,269.1660317,270.5342085,269.99687689999996
2025-05-20 00:00:00+00:00,14,60.170437755,52.17216611,80.69051227,53.90953632
2025-05-20 00:00:00+00:00,15,55.27116395,54.61015263,55.85763641,55.30843338
2025-05-20 00:00:00+00:00,16,54.19580824,52.89206349,55.82426703,54.03345122
2025-05-20 00:00:00+00:00,17,52.64018475,52.01717697,53.20064214,52.671459945
2025-05-20 00:00:00+00:00,18,5.565,0.0,22.26,0.0
2025-05-20 00:00:00+00:00,19,0.0,0.0,0.0,0.0
2025-05-20 00:00:00+00:00,20,0.0,0.0,0.0,0.0
2025-05-20 00:00:00+00:00,21,93.280789595,67.42643418,104.0572355,100.81974435000001
2025-05-20 00:00:00+00:00,22,104.875796525,103.7693413,105.7776071,104.97811885
2025-05-20 00:00:00+00:00,23,105.88589205,102.7846443,107.7377881,106.51056790000001
2025-05-21 00:00:00+00:00,0,110.97616775,108.0393035,113.9966942,110.93433665
2025-05-21 00:00:00+00:00,1,125.188256825,113.3960756,136.3100505,125.5234506
2025-05-21 00:00:00+00:00,2,165.74244925,152.4358579,184.9279121,162.8030135
2025-05-21 00:00:00+00:00,3,66.30106692,58.5957877,86.06121826,60.27363086
2025-05-21 00:00:00+00:00,4,56.1554737875,55.31667082,57.9601426,55.672540865
2025-05-21 00:00:00+00:00,5,56.024525145,49.59419234,65.34323762,54.580335309999995
2025-05-21 00:00:00+00:00,6,122.37163251,76.17695273,178.5374799,117.38604870500001
2025-05-21 00:00:00+00:00,7,250.466071075,218.2846187,267.4918683,258.04389865
2025-05-21 00:00:00+00:00,8,266.579470675,264.1358974,270.5364815,265.82275189999996
2025-05-21 00:00:00+00:00,9,270.70062010000004,266.7106608,274.661295,270.7152623
2025-05-21 00:00:00+00:00,10,269.01670824999997,262.6919258,275.1129089,269.13099915
2025-05-21 00:00:00+00:00,11,267.18871187499997,264.2112584,270.8825586,266.83051524999996
2025-05-21 00:00:00+00:00,12,272.251870125,268.1854475,276.3869581,272.21753745
2025-05-21 00:00:00+00:00,13,270.008541225,265.2457009,272.4201831,271.18414045
2025-05-21 00:00:00+00:00,14,58.66229945,49.02151361,82.01767677,51.805003709999994
2025-05-21 00:00:00+00:00,15,52.0127645625,51.49126616,53.07128335,51.74425437
2025-05-21 00:00:00+00:00,16,53.372059525,52.88413571,54.04686869,53.27861685
2025-05-21 00:00:00+00:00,17,56.097023905,53.33296608,57.2875094,56.88381007
2025-05-21 00:00:00+00:00,18,4.974493665,0.0,19.89797466,0.0
2025-05-21 00:00:00+00:00,19,0.0,0.0,0.0,0.0
2025-05-21 00:00:00+00:00,20,0.0,0.0,0.0,0.0
2025-05-21 00:00:00+00:00,21,0.0,0.0,0.0,0.0
2025-05-21 00:00:00+00:00,22,0.0,0.0,0.0,0.0
2025-05-21 00:00:00+00:00,23,0.0,0.0,0.0,0.0
2025-05-22 00:00:00+00:00,0,0.0,0.0,0.0,0.0
2025-05-22 00:00:00+00:00,1,0.0,0.0,0.0,0.0
2025-05-22 00:00:00+00:00,2,0.0,0.0,0.0,0.0
2025-05-22 00:00:00+00:00,3,48.87848167,39.29166667,52.33603239,51.94311381
2025-05-22 00:00:00+00:00,4,69.8462008975,53.4121164,83.16526228,71.403712455
2025-05-22 00:00:00+00:00,5,89.46000975749999,85.81411177,92.92585339,89.550036935
2025-05-22 00:00:00+00:00,6,91.924221535,89.97340548,94.53197695,91.595751855
2025-05-22 00:00:00+00:00,7,160.332439175,114.6747292,207.6879498,159.48353885
2025-05-22 00:00:00+00:00,8,259.64375797499997,244.5163404,270.7991663,261.6297626
2025-05-22 00:00:00+00:00,9,269.67813927500004,261.4335213,277.2225659,270.02823495
2025-05-22 00:00:00+00:00,10,272.122119375,268.2036866,274.7119563,272.7864173
2025-05-22 00:00:00+00:00,11,264.75272665,258.3460199,269.04962,265.80763335
2025-05-22 00:00:00+00:00,12,237.4206324,219.7996357,255.1094251,237.3867344
2025-05-22 00:00:00+00:00,13,202.2337034,196.6403009,210.8057634,200.74437465
2025-05-22 00:00:00+00:00,14,213.26679185,196.2336139,241.9567107,207.4384214
2025-05-22 00:00:00+00:00,15,61.335972335,52.51402918,84.66278303,54.083538565
2025-05-22 00:00:00+00:00,16,53.06552968,52.72980702,53.31871668,53.10679751
2025-05-22 00:00:00+00:00,17,53.818461685,53.28248616,54.64254902,53.67440578
2025-05-22 00:00:00+00:00,18,4.535897435,0.0,18.14358974,0.0
2025-05-22 00:00:00+00:00,19,0.0,0.0,0.0,0.0
2025-05-22 00:00:00+00:00,20,0.0,0.0,0.0,0.0
2025-05-22 00:00:00+00:00,21,0.0,0.0,0.0,0.0
2025-05-22 00:00:00+00:00,22,0.0,0.0,0.0,0.0
2025-05-22 00:00:00+00:00,23,0.0,0.0,0.0,0.0
2025-05-23 00:00:00+00:00,0,0.0,0.0,0.0,0.0
2025-05-23 00:00:00+00:00,1,0.0,0.0,0.0,0.0
2025-05-23 00:00:00+00:00,2,0.0,0.0,0.0,0.0
2025-05-23 00:00:00+00:00,3,46.742230840000005,14.55238095,65.18545862,53.615541895
2025-05-23 00:00:00+00:00,4,51.2841744375,50.05511111,52.84920635,51.116190145000004
2025-05-23 00:00:00+00:00,5,50.53001073,48.19870835,51.76062361,51.080355479999994
2025-05-23 00:00:00+00:00,6,131.17509335,50.01643991,263.3947475,105.644592995
2025-05-23 00:00:00+00:00,7,267.15607285,265.7311189,268.6336317,267.1297704
2025-05-23 00:00:00+00:00,8,269.94717215000003,266.8524252,273.0516706,269.94229640000003
2025-05-23 00:00:00+00:00,9,267.8460808,264.3344567,271.4195393,267.8151636
2025-05-23 00:00:00+00:00,10,266.421672575,261.9138523,270.827037,266.47290050000004
2025-05-23 00:00:00+00:00,11,273.77052222500004,271.2041441,278.7959983,272.54097325
2025-05-23 00:00:00+00:00,12,271.504394125,269.8229497,276.2521202,269.9712533
2025-05-23 00:00:00+00:00,13,271.8259068,270.387066,273.5062698,271.7051457
2025-05-23 00:00:00+00:00,14,68.1726052275,52.09443825,113.475958,53.56001233
2025-05-23 00:00:00+00:00,15,54.336942352499996,54.05133746,54.71425005,54.29109095
2025-05-23 00:00:00+00:00,16,54.1577706075,53.82616954,54.40693242,54.198990235
2025-05-23 00:00:00+00:00,17,54.621867179999995,54.11313977,55.25415677,54.56008609
2025-05-23 00:00:00+00:00,18,4.7271342175,0.0,18.90853687,0.0
2025-05-23 00:00:00+00:00,19,0.0,0.0,0.0,0.0
2025-05-23 00:00:00+00:00,20,0.0,0.0,0.0,0.0
2025-05-23 00:00:00+00:00,21,0.0,0.0,0.0,0.0
2025-05-23 00:00:00+00:00,22,0.0,0.0,0.0,0.0
2025-05-23 00:00:00+00:00,23,0.0,0.0,0.0,0.0
2025-05-24 00:00:00+00:00,0,0.0,0.0,0.0,0.0
2025-05-24 00:00:00+00:00,1,0.0,0.0,0.0,0.0
2025-05-24 00:00:00+00:00,2,0.0,0.0,0.0,0.0
2025-05-24 00:00:00+00:00,3,0.0,0.0,0.0,0.0
2025-05-24 00:00:00+00:00,4,0.0,0.0,0.0,0.0
2025-05-24 00:00:00+00:00,5,0.0,0.0,0.0,0.0
2025-05-24 00:00:00+00:00,6,0.0,0.0,0.0,0.0
2025-05-24 00:00:00+00:00,7,0.0,0.0,0.0,0.0
2025-05-24 00:00:00+00:00,8,0.0,0.0,0.0,0.0
2025-05-24 00:00:00+00:00,9,0.0,0.0,0.0,0.0
2025-05-24 00:00:00+00:00,10,0.0,0.0,0.0,0.0
2025-05-24 00:00:00+00:00,11,0.0,0.0,0.0,0.0
2025-05-24 00:00:00+00:00,12,0.0,0.0,0.0,0.0
2025-05-24 00:00:00+00:00,13,0.0,0.0,0.0,0.0
2025-05-24 00:00:00+00:00,14,0.0,0.0,0.0,0.0
2025-05-24 00:00:00+00:00,15,0.0,0.0,0.0,0.0
2025-05-24 00:00:00+00:00,16,0.0,0.0,0.0,0.0
2025-05-24 00:00:00+00:00,17,0.0,0.0,0.0,0.0
2025-05-24 00:00:00+00:00,18,0.0,0.0,0.0,0.0
2025-05-24 00:00:00+00:00,19,0.0,0.0,0.0,0.0
2025-05-24 00:00:00+00:00,20,0.0,0.0,0.0,0.0
2025-05-24 00:00:00+00:00,21,0.0,0.0,0.0,0.0
2025-05-24 00:00:00+00:00,22,0.0,0.0,0.0,0.0
2025-05-24 00:00:00+00:00,23,0.0,0.0,0.0,0.0
2025-05-25 00:00:00+00:00,0,0.0,0.0,0.0,0.0
2025-05-25 00:00:00+00:00,1,0.0,0.0,0.0,0.0
2025-05-25 00:00:00+00:00,2,0.0,0.0,0.0,0.0
2025-05-25 00:00:00+00:00,3,0.0,0.0,0.0,0.0
2025-05-25 00:00:00+00:00,4,0.0,0.0,0.0,0.0
2025-05-25 00:00:00+00:00,5,0.0,0.0,0.0,0.0
2025-05-25 00:00:00+00:00,6,0.0,0.0,0.0,0.0
2025-05-25 00:00:00+00:00,7,0.0,0.0,0.0,0.0
2025-05-25 00:00:00+00:00,8,0.0,0.0,0.0,0.0
2025-05-25 00:00:00+00:00,9,0.0,0.0,0.0,0.0
2025-05-25 00:00:00+00:00,10,0.0,0.0,0.0,0.0
2025-05-25 00:00:00+00:00,11,0.0,0.0,0.0,0.0
2025-05-25 00:00:00+00:00,12,0.0,0.0,0.0,0.0
2025-05-25 00:00:00+00:00,13,0.0,0.0,0.0,0.0
2025-05-25 00:00:00+00:00,14,0.0,0.0,0.0,0.0
2025-05-25 00:00:00+00:00,15,0.0,0.0,0.0,0.0
2025-05-25 00:00:00+00:00,16,0.0,0.0,0.0,0.0
2025-05-25 00:00:00+00:00,17,0.0,0.0,0.0,0.0
2025-05-25 00:00:00+00:00,18,0.0,0.0,0.0,0.0
2025-05-25 00:00:00+00:00,19,0.0,0.0,0.0,0.0
2025-05-25 00:00:00+00:00,20,0.0,0.0,0.0,0.0
2025-05-25 00:00:00+00:00,21,0.0,0.0,0.0,0.0
2025-05-25 00:00:00+00:00,22,0.0,0.0,0.0,0.0
2025-05-25 00:00:00+00:00,23,0.0,0.0,0.0,0.0
2025-05-26 00:00:00+00:00,0,0.0,0.0,0.0,0.0
2025-05-26 00:00:00+00:00,1,0.0,0.0,0.0,0.0
2025-05-26 00:00:00+00:00,2,0.0,0.0,0.0,0.0
2025-05-26 00:00:00+00:00,3,235.02016787499997,126.8754899,277.8417163,267.68173264999996
2025-05-26 00:00:00+00:00,4,267.995600875,265.2505749,269.8033685,268.46423004999997
2025-05-26 00:00:00+00:00,5,265.49963475,258.2968358,270.5573936,266.5721548
2025-05-26 00:00:00+00:00,6,250.77471830000002,247.4614004,252.0770392,251.7802168
2025-05-26 00:00:00+00:00,7,268.25669377500003,264.0080231,273.3947427,267.81200465
2025-05-26 00:00:00+00:00,8,269.079101825,266.9413001,273.1176595,268.12872385000003
2025-05-26 00:00:00+00:00,9,266.43467887500003,261.6386709,271.7324893,266.18377765
2025-05-26 00:00:00+00:00,10,273.449380425,270.9512146,280.1773333,271.3344869
2025-05-26 00:00:00+00:00,11,270.4920763,266.2874269,273.9443179,270.86828019999996
2025-05-26 00:00:00+00:00,12,273.25220155,265.9691083,276.7786525,275.13052270000003
2025-05-26 00:00:00+00:00,13,272.75036625,267.8259124,278.1423546,272.51659900000004
2025-05-26 00:00:00+00:00,14,67.371439535,53.17941919,109.2127233,53.546807825
2025-05-26 00:00:00+00:00,15,54.0211397875,53.43267532,54.81690287,53.91749048
2025-05-26 00:00:00+00:00,16,54.12781789,52.86598227,55.2956705,54.174809395
2025-05-26 00:00:00+00:00,17,53.7597935975,53.24029431,54.46277778,53.66805115
2025-05-26 00:00:00+00:00,18,3.541935485,0.0,14.16774194,0.0
2025-05-26 00:00:00+00:00,19,0.0,0.0,0.0,0.0
2025-05-26 00:00:00+00:00,20,0.0,0.0,0.0,0.0
2025-05-26 00:00:00+00:00,21,0.0,0.0,0.0,0.0
2025-05-26 00:00:00+00:00,22,0.0,0.0,0.0,0.0
2025-05-26 00:00:00+00:00,23,0.0,0.0,0.0,0.0
2025-05-27 00:00:00+00:00,0,0.0,0.0,0.0,0.0
2025-05-27 00:00:00+00:00,1,0.0,0.0,0.0,0.0
2025-05-27 00:00:00+00:00,2,0.0,0.0,0.0,0.0
2025-05-27 00:00:00+00:00,3,48.4250337775,27.29074198,55.92323232,55.243080405
2025-05-27 00:00:00+00:00,4,118.448573325,65.9752381,168.5945595,119.61224784999999
2025-05-27 00:00:00+00:00,5,227.5691401,195.0233887,257.4602041,228.8964838
2025-05-27 00:00:00+00:00,6,269.427742825,267.0295788,273.7093116,268.48604045
2025-05-27 00:00:00+00:00,7,271.99368415000004,267.7154327,276.277569,271.99086745
2025-05-27 00:00:00+00:00,8,272.02437285,269.349282,274.8147597,271.96672485
2025-05-27 00:00:00+00:00,9,272.19163779999997,270.2494331,275.9646843,271.2762169
2025-05-27 00:00:00+00:00,10,270.739353525,269.061949,274.5735972,269.66093394999996
2025-05-27 00:00:00+00:00,11,268.2886044,264.8387496,271.0080933,268.65378735
2025-05-27 00:00:00+00:00,12,271.30476015,267.5335735,276.0979918,270.79373765
2025-05-27 00:00:00+00:00,13,275.7565216,271.1769084,279.4950643,276.17705685
2025-05-27 00:00:00+00:00,14,98.86668759,87.45881978,111.7490625,98.12943404
2025-05-27 00:00:00+00:00,15,62.0585548225,54.08514491,84.57920228,54.78493605
2025-05-27 00:00:00+00:00,16,54.26700648,53.725,55.35343709,53.994794415
2025-05-27 00:00:00+00:00,17,54.32792755,54.16859058,54.65981296,54.241653330000005
2025-05-27 00:00:00+00:00,18,1.878342246,0.0,7.513368984,0.0
2025-05-27 00:00:00+00:00,19,0.0,0.0,0.0,0.0
2025-05-27 00:00:00+00:00,20,0.0,0.0,0.0,0.0
2025-05-27 00:00:00+00:00,21,0.0,0.0,0.0,0.0
2025-05-27 00:00:00+00:00,22,0.0,0.0,0.0,0.0
2025-05-27 00:00:00+00:00,23,0.0,0.0,0.0,0.0
2025-05-28 00:00:00+00:00,0,0.0,0.0,0.0,0.0
2025-05-28 00:00:00+00:00,1,0.0,0.0,0.0,0.0
2025-05-28 00:00:00+00:00,2,0.0,0.0,0.0,0.0
2025-05-28 00:00:00+00:00,3,39.1811439525,0.0,54.50138482,51.111595495
2025-05-28 00:00:00+00:00,4,126.566817885,68.48218254,178.9816389,129.40172504999998
2025-05-28 00:00:00+00:00,5,239.39303435,213.1264225,270.6269608,236.90937705
2025-05-28 00:00:00+00:00,6,267.51425704999997,262.5931259,272.9697949,267.2470537
2025-05-28 00:00:00+00:00,7,268.94788189999997,266.6949116,271.4871573,268.80472935
2025-05-28 00:00:00+00:00,8,265.959224925,262.2900129,272.4082886,264.5692991
2025-05-28 00:00:00+00:00,9,268.0092754,264.1046556,271.2079889,268.36222855
2025-05-28 00:00:00+00:00,10,270.728317,267.188465,273.5905229,271.06714005
2025-05-28 00:00:00+00:00,11,268.582014575,266.0281428,270.9432473,268.67833410000003
2025-05-28 00:00:00+00:00,12,271.2568212,267.0166769,274.5629696,271.72381915
2025-05-28 00:00:00+00:00,13,272.409228875,269.6675714,273.8986561,273.035344
2025-05-28 00:00:00+00:00,14,59.4910713825,52.26010051,80.24400398,52.730090520000005
2025-05-28 00:00:00+00:00,15,51.703377195,51.15455026,52.37981192,51.639573299999995
2025-05-28 00:00:00+00:00,16,51.944081075,51.83905579,52.15810752,51.889580495000004
2025-05-28 00:00:00+00:00,17,52.044014335,51.27937989,52.87003367,52.01332189
2025-05-28 00:00:00+00:00,18,5.3515185175,0.0,21.40607407,0.0
2025-05-28 00:00:00+00:00,19,0.0,0.0,0.0,0.0
2025-05-28 00:00:00+00:00,20,0.0,0.0,0.0,0.0
2025-05-28 00:00:00+00:00,21,0.0,0.0,0.0,0.0
2025-05-28 00:00:00+00:00,22,0.0,0.0,0.0,0.0
2025-05-28 00:00:00+00:00,23,0.0,0.0,0.0,0.0
2025-05-29 00:00:00+00:00,0,0.0,0.0,0.0,0.0
2025-05-29 00:00:00+00:00,1,0.0,0.0,0.0,0.0
2025-05-29 00:00:00+00:00,2,0.0,0.0,0.0,0.0
2025-05-29 00:00:00+00:00,3,44.1879637375,17.4202729,53.60783586,52.861873095
2025-05-29 00:00:00+00:00,4,107.3028545725,60.89679924,151.8277902,108.243414425
2025-05-29 00:00:00+00:00,5,199.790907975,171.3321373,222.4448905,202.69330205
2025-05-29 00:00:00+00:00,6,233.59979835,227.8782836,236.2426846,235.13911259999998
2025-05-29 00:00:00+00:00,7,214.229125675,202.1298701,222.8349814,215.9758256
2025-05-29 00:00:00+00:00,8,173.248789375,155.2459302,194.0813492,171.83393905
2025-05-29 00:00:00+00:00,9,134.29380565,121.8694829,148.0230157,133.64136200000002
2025-05-29 00:00:00+00:00,10,101.901165125,90.31476591,113.1798668,102.055013895
2025-05-29 00:00:00+00:00,11,88.6666788425,88.35310913,88.85562771,88.728989265
2025-05-29 00:00:00+00:00,12,86.370756495,85.89021565,86.67010047,86.46135493
2025-05-29 00:00:00+00:00,13,85.6193775575,85.20248311,86.31079598,85.48211557
2025-05-29 00:00:00+00:00,14,94.2115825975,86.19376461,104.1944869,93.22903944000001
2025-05-29 00:00:00+00:00,15,54.6359770025,52.28942374,59.91215686,53.171163705
2025-05-29 00:00:00+00:00,16,53.0117865,52.73653372,53.2029098,53.05385124
2025-05-29 00:00:00+00:00,17,52.9026897975,52.15801222,53.30338164,53.074682665
2025-05-29 00:00:00+00:00,18,7.285714285,0.0,29.14285714,0.0
2025-05-29 00:00:00+00:00,19,0.0,0.0,0.0,0.0
2025-05-29 00:00:00+00:00,20,0.0,0.0,0.0,0.0
2025-05-29 00:00:00+00:00,21,0.0,0.0,0.0,0.0
2025-05-29 00:00:00+00:00,22,0.0,0.0,0.0,0.0
2025-05-29 00:00:00+00:00,23,0.0,0.0,0.0,0.0
2025-05-30 00:00:00+00:00,0,0.0,0.0,0.0,0.0
2025-05-30 00:00:00+00:00,1,0.0,0.0,0.0,0.0
2025-05-30 00:00:00+00:00,2,0.0,0.0,0.0,0.0
2025-05-30 00:00:00+00:00,3,43.850565245,21.59446072,52.50160684,50.65309671
2025-05-30 00:00:00+00:00,4,94.33431931,60.27638344,130.7681481,93.14637285
2025-05-30 00:00:00+00:00,5,180.349511825,153.1048454,205.1836125,181.5547947
2025-05-30 00:00:00+00:00,6,236.425441325,220.987752,251.6828307,236.5155913
2025-05-30 00:00:00+00:00,7,257.6308981,255.1516142,260.0822511,257.64486355
2025-05-30 00:00:00+00:00,8,240.108829775,226.9187701,251.4579089,241.02932005
2025-05-30 00:00:00+00:00,9,207.417655925,197.1568588,218.2613889,207.126188
2025-05-30 00:00:00+00:00,10,190.689387025,187.0941176,193.554996,191.05421725
2025-05-30 00:00:00+00:00,11,198.322818175,183.8672439,210.5261331,199.44894785
2025-05-30 00:00:00+00:00,12,232.221124125,217.5338095,240.4466383,235.45202435
2025-05-30 00:00:00+00:00,13,253.18871205,243.8413982,263.4925338,252.7104581
2025-05-30 00:00:00+00:00,14,68.68107337000001,50.16213737,115.9527778,54.304689155
2025-05-30 00:00:00+00:00,15,52.64435041,51.00721468,53.81175801,52.879214475
2025-05-30 00:00:00+00:00,16,53.5615416425,53.23704747,53.74969136,53.62971387
2025-05-30 00:00:00+00:00,17,53.471041315,52.4023088,54.24931209,53.616272185
2025-05-30 00:00:00+00:00,18,2.31027777775,0.0,9.241111111,0.0
2025-05-30 00:00:00+00:00,19,0.0,0.0,0.0,0.0
2025-05-30 00:00:00+00:00,20,0.0,0.0,0.0,0.0
2025-05-30 00:00:00+00:00,21,0.0,0.0,0.0,0.0
2025-05-30 00:00:00+00:00,22,0.0,0.0,0.0,0.0
2025-05-30 00:00:00+00:00,23,0.0,0.0,0.0,0.0
2025-05-31 00:00:00+00:00,0,0.0,0.0,0.0,0.0
2025-05-31 00:00:00+00:00,1,0.0,0.0,0.0,0.0
2025-05-31 00:00:00+00:00,2,0.0,0.0,0.0,0.0
2025-05-31 00:00:00+00:00,3,0.0,0.0,0.0,0.0
2025-05-31 00:00:00+00:00,4,0.0,0.0,0.0,0.0
2025-05-31 00:00:00+00:00,5,0.0,0.0,0.0,0.0
2025-05-31 00:00:00+00:00,6,0.0,0.0,0.0,0.0
2025-05-31 00:00:00+00:00,7,0.0,0.0,0.0,0.0
2025-05-31 00:00:00+00:00,8,0.0,0.0,0.0,0.0
2025-05-31 00:00:00+00:00,9,0.0,0.0,0.0,0.0
2025-05-31 00:00:00+00:00,10,0.0,0.0,0.0,0.0
2025-05-31 00:00:00+00:00,11,0.0,0.0,0.0,0.0
2025-05-31 00:00:00+00:00,12,0.0,0.0,0.0,0.0
2025-05-31 00:00:00+00:00,13,0.0,0.0,0.0,0.0
2025-05-31 00:00:00+00:00,14,0.0,0.0,0.0,0.0
2025-05-31 00:00:00+00:00,15,0.0,0.0,0.0,0.0
2025-05-31 00:00:00+00:00,16,0.0,0.0,0.0,0.0
2025-05-31 00:00:00+00:00,17,0.0,0.0,0.0,0.0
2025-05-31 00:00:00+00:00,18,0.0,0.0,0.0,0.0
2025-05-31 00:00:00+00:00,19,0.0,0.0,0.0,0.0
2025-05-31 00:00:00+00:00,20,0.0,0.0,0.0,0.0
2025-05-31 00:00:00+00:00,21,0.0,0.0,0.0,0.0
2025-05-31 00:00:00+00:00,22,0.0,0.0,0.0,0.0
2025-05-31 00:00:00+00:00,23,0.0,0.0,0.0,0.0
